,dt,year,LandAverageTemperature
0,1750-01-01,1750,3.0340000000000003
1,1750-02-01,1750,3.083
2,1750-03-01,1750,5.626
3,1750-04-01,1750,8.49
4,1750-05-01,1750,11.573
5,1750-06-01,1750,12.937
6,1750-07-01,1750,15.868
7,1750-08-01,1750,14.75
8,1750-09-01,1750,11.412999999999998
9,1750-10-01,1750,6.366999999999999
10,1750-11-01,1750,
11,1750-12-01,1750,2.772
12,1751-01-01,1751,2.495
13,1751-02-01,1751,0.963
14,1751-03-01,1751,5.8
15,1751-04-01,1751,7.67
16,1751-05-01,1751,
17,1751-06-01,1751,13.827
18,1751-07-01,1751,
19,1751-08-01,1751,14.405
20,1751-09-01,1751,10.673
21,1751-10-01,1751,
22,1751-11-01,1751,
23,1751-12-01,1751,
24,1752-01-01,1752,0.3480000000000003
25,1752-02-01,1752,
26,1752-03-01,1752,5.806
27,1752-04-01,1752,8.264999999999999
28,1752-05-01,1752,
29,1752-06-01,1752,
30,1752-07-01,1752,
31,1752-08-01,1752,
32,1752-09-01,1752,
33,1752-10-01,1752,7.838999999999999
34,1752-11-01,1752,7.335
35,1752-12-01,1752,5.086
36,1753-01-01,1753,2.039
37,1753-02-01,1753,0.7149999999999999
38,1753-03-01,1753,5.424
39,1753-04-01,1753,8.272
40,1753-05-01,1753,12.186
41,1753-06-01,1753,14.585
42,1753-07-01,1753,15.092
43,1753-08-01,1753,14.148
44,1753-09-01,1753,13.322
45,1753-10-01,1753,8.962
46,1753-11-01,1753,5.353
47,1753-12-01,1753,0.5589999999999997
48,1754-01-01,1754,1.574
49,1754-02-01,1754,-1.2489999999999997
50,1754-03-01,1754,3.677
51,1754-04-01,1754,11.61
52,1754-05-01,1754,11.936
53,1754-06-01,1754,14.388
54,1754-07-01,1754,14.681
55,1754-08-01,1754,13.556
56,1754-09-01,1754,11.129
57,1754-10-01,1754,9.582
58,1754-11-01,1754,6.1610000000000005
59,1754-12-01,1754,4.587
60,1755-01-01,1755,1.067
61,1755-02-01,1755,-0.1080000000000001
62,1755-03-01,1755,3.607
63,1755-04-01,1755,9.263
64,1755-05-01,1755,12.880999999999998
65,1755-06-01,1755,15.38
66,1755-07-01,1755,14.397
67,1755-08-01,1755,13.515
68,1755-09-01,1755,11.773
69,1755-10-01,1755,9.97
70,1755-11-01,1755,5.957999999999999
71,1755-12-01,1755,2.564
72,1756-01-01,1756,3.887
73,1756-02-01,1756,5.666
74,1756-03-01,1756,4.192
75,1756-04-01,1756,10.042
76,1756-05-01,1756,14.163999999999998
77,1756-06-01,1756,14.547
78,1756-07-01,1756,13.906
79,1756-08-01,1756,13.437
80,1756-09-01,1756,12.652
81,1756-10-01,1756,7.3119999999999985
82,1756-11-01,1756,4.225
83,1756-12-01,1756,2.165
84,1757-01-01,1757,-0.2760000000000002
85,1757-02-01,1757,3.704
86,1757-03-01,1757,4.529
87,1757-04-01,1757,8.245999999999999
88,1757-05-01,1757,13.039
89,1757-06-01,1757,17.115
90,1757-07-01,1757,17.61
91,1757-08-01,1757,17.91
92,1757-09-01,1757,14.852
93,1757-10-01,1757,6.481999999999998
94,1757-11-01,1757,4.032
95,1757-12-01,1757,1.0210000000000004
96,1758-01-01,1758,-1.5029999999999997
97,1758-02-01,1758,0.8059999999999999
98,1758-03-01,1758,3.765
99,1758-04-01,1758,7.209999999999999
100,1758-05-01,1758,9.715
101,1758-06-01,1758,13.139
102,1758-07-01,1758,13.847
103,1758-08-01,1758,11.818
104,1758-09-01,1758,10.028
105,1758-10-01,1758,1.8939999999999992
106,1758-11-01,1758,6.955
107,1758-12-01,1758,3.249
108,1759-01-01,1759,5.013999999999999
109,1759-02-01,1759,4.082
110,1759-03-01,1759,4.52
111,1759-04-01,1759,5.983
112,1759-05-01,1759,10.189
113,1759-06-01,1759,13.512
114,1759-07-01,1759,12.526
115,1759-08-01,1759,14.587
116,1759-09-01,1759,12.626
117,1759-10-01,1759,8.267000000000001
118,1759-11-01,1759,4.268000000000002
119,1759-12-01,1759,0.2469999999999999
120,1760-01-01,1760,-0.8109999999999999
121,1760-02-01,1760,2.436
122,1760-03-01,1760,1.864
123,1760-04-01,1760,7.435999999999999
124,1760-05-01,1760,10.661
125,1760-06-01,1760,11.945
126,1760-07-01,1760,12.887
127,1760-08-01,1760,13.917
128,1760-09-01,1760,11.197
129,1760-10-01,1760,6.7010000000000005
130,1760-11-01,1760,5.436
131,1760-12-01,1760,2.553
132,1761-01-01,1761,0.6000000000000001
133,1761-02-01,1761,2.735
134,1761-03-01,1761,5.976
135,1761-04-01,1761,7.321000000000001
136,1761-05-01,1761,13.451
137,1761-06-01,1761,16.820999999999998
138,1761-07-01,1761,19.021
139,1761-08-01,1761,15.331
140,1761-09-01,1761,12.534999999999998
141,1761-10-01,1761,7.2269999999999985
142,1761-11-01,1761,5.089
143,1761-12-01,1761,-0.8370000000000002
144,1762-01-01,1762,6.8660000000000005
145,1762-02-01,1762,4.801
146,1762-03-01,1762,3.5280000000000005
147,1762-04-01,1762,9.019
148,1762-05-01,1762,10.880999999999998
149,1762-06-01,1762,13.499
150,1762-07-01,1762,14.72
151,1762-08-01,1762,13.992
152,1762-09-01,1762,10.326
153,1762-10-01,1762,6.156000000000001
154,1762-11-01,1762,6.367000000000001
155,1762-12-01,1762,3.123
156,1763-01-01,1763,1.3690000000000002
157,1763-02-01,1763,0.7709999999999999
158,1763-03-01,1763,1.5760000000000003
159,1763-04-01,1763,7.870999999999999
160,1763-05-01,1763,10.701
161,1763-06-01,1763,12.271
162,1763-07-01,1763,16.391
163,1763-08-01,1763,14.126
164,1763-09-01,1763,11.378
165,1763-10-01,1763,5.535
166,1763-11-01,1763,4.588
167,1763-12-01,1763,3.384
168,1764-01-01,1764,1.741
169,1764-02-01,1764,6.162000000000001
170,1764-03-01,1764,5.521
171,1764-04-01,1764,7.879999999999999
172,1764-05-01,1764,11.175
173,1764-06-01,1764,11.723
174,1764-07-01,1764,12.507
175,1764-08-01,1764,12.282
176,1764-09-01,1764,10.696
177,1764-10-01,1764,10.011
178,1764-11-01,1764,5.791
179,1764-12-01,1764,5.315
180,1765-01-01,1765,3.78
181,1765-02-01,1765,3.832
182,1765-03-01,1765,6.859
183,1765-04-01,1765,9.013
184,1765-05-01,1765,10.734000000000002
185,1765-06-01,1765,10.832999999999998
186,1765-07-01,1765,13.953
187,1765-08-01,1765,13.12
188,1765-09-01,1765,10.993
189,1765-10-01,1765,7.904
190,1765-11-01,1765,5.603
191,1765-12-01,1765,2.399
192,1766-01-01,1766,-0.7930000000000001
193,1766-02-01,1766,4.896
194,1766-03-01,1766,6.062
195,1766-04-01,1766,8.007
196,1766-05-01,1766,11.228
197,1766-06-01,1766,13.653
198,1766-07-01,1766,13.555
199,1766-08-01,1766,13.758
200,1766-09-01,1766,12.25
201,1766-10-01,1766,8.465
202,1766-11-01,1766,7.4540000000000015
203,1766-12-01,1766,2.333
204,1767-01-01,1767,-0.6430000000000002
205,1767-02-01,1767,3.932
206,1767-03-01,1767,7.022
207,1767-04-01,1767,6.278
208,1767-05-01,1767,10.193
209,1767-06-01,1767,14.112
210,1767-07-01,1767,13.361
211,1767-08-01,1767,14.597
212,1767-09-01,1767,11.675
213,1767-10-01,1767,9.027
214,1767-11-01,1767,7.915
215,1767-12-01,1767,1.189
216,1768-01-01,1768,-2.08
217,1768-02-01,1768,0.5060000000000002
218,1768-03-01,1768,2.446
219,1768-04-01,1768,6.92
220,1768-05-01,1768,9.066
221,1768-06-01,1768,12.489999999999998
222,1768-07-01,1768,13.875
223,1768-08-01,1768,12.352
224,1768-09-01,1768,10.824000000000002
225,1768-10-01,1768,7.728999999999999
226,1768-11-01,1768,4.581
227,1768-12-01,1768,2.667
228,1769-01-01,1769,2.305
229,1769-02-01,1769,2.164
230,1769-03-01,1769,4.57
231,1769-04-01,1769,8.966999999999997
232,1769-05-01,1769,12.873
233,1769-06-01,1769,15.142
234,1769-07-01,1769,14.461
235,1769-08-01,1769,13.494000000000002
236,1769-09-01,1769,11.25
237,1769-10-01,1769,5.296999999999999
238,1769-11-01,1769,2.79
239,1769-12-01,1769,-0.9780000000000002
240,1770-01-01,1770,1.974
241,1770-02-01,1770,4.105
242,1770-03-01,1770,1.612
243,1770-04-01,1770,9.788
244,1770-05-01,1770,9.996
245,1770-06-01,1770,11.884
246,1770-07-01,1770,11.621
247,1770-08-01,1770,11.413
248,1770-09-01,1770,10.724
249,1770-10-01,1770,8.661
250,1770-11-01,1770,5.791
251,1770-12-01,1770,4.734
252,1771-01-01,1771,5.101
253,1771-02-01,1771,-0.2739999999999999
254,1771-03-01,1771,2.814
255,1771-04-01,1771,5.716999999999999
256,1771-05-01,1771,9.626
257,1771-06-01,1771,14.104
258,1771-07-01,1771,13.828
259,1771-08-01,1771,14.204
260,1771-09-01,1771,11.363
261,1771-10-01,1771,10.317
262,1771-11-01,1771,4.916
263,1771-12-01,1771,2.522
264,1772-01-01,1772,1.253
265,1772-02-01,1772,1.4780000000000002
266,1772-03-01,1772,3.057
267,1772-04-01,1772,8.857999999999997
268,1772-05-01,1772,9.531
269,1772-06-01,1772,12.646999999999998
270,1772-07-01,1772,14.581
271,1772-08-01,1772,14.098
272,1772-09-01,1772,10.303
273,1772-10-01,1772,9.268
274,1772-11-01,1772,7.736000000000001
275,1772-12-01,1772,5.5120000000000005
276,1773-01-01,1773,-0.4369999999999998
277,1773-02-01,1773,1.4209999999999998
278,1773-03-01,1773,4.4220000000000015
279,1773-04-01,1773,9.415
280,1773-05-01,1773,12.764
281,1773-06-01,1773,12.811
282,1773-07-01,1773,14.484000000000002
283,1773-08-01,1773,13.624
284,1773-09-01,1773,12.488
285,1773-10-01,1773,9.206
286,1773-11-01,1773,3.369
287,1773-12-01,1773,5.090999999999998
288,1774-01-01,1774,-0.3249999999999997
289,1774-02-01,1774,4.914
290,1774-03-01,1774,5.643
291,1774-04-01,1774,10.153
292,1774-05-01,1774,16.025
293,1774-06-01,1774,15.371
294,1774-07-01,1774,16.521
295,1774-08-01,1774,14.099
296,1774-09-01,1774,10.936
297,1774-10-01,1774,8.59
298,1774-11-01,1774,3.029
299,1774-12-01,1774,0.31
300,1775-01-01,1775,4.261
301,1775-02-01,1775,6.4270000000000005
302,1775-03-01,1775,7.758999999999999
303,1775-04-01,1775,7.951999999999999
304,1775-05-01,1775,11.399
305,1775-06-01,1775,12.314
306,1775-07-01,1775,14.719
307,1775-08-01,1775,14.435
308,1775-09-01,1775,11.095999999999998
309,1775-10-01,1775,10.372
310,1775-11-01,1775,8.179
311,1775-12-01,1775,1.2839999999999998
312,1776-01-01,1776,-0.8059999999999999
313,1776-02-01,1776,4.825
314,1776-03-01,1776,4.652
315,1776-04-01,1776,7.439999999999999
316,1776-05-01,1776,10.475
317,1776-06-01,1776,14.564
318,1776-07-01,1776,14.108
319,1776-08-01,1776,14.837
320,1776-09-01,1776,10.602
321,1776-10-01,1776,8.059999999999999
322,1776-11-01,1776,5.87
323,1776-12-01,1776,5.021
324,1777-01-01,1777,6.021000000000001
325,1777-02-01,1777,4.9190000000000005
326,1777-03-01,1777,5.572
327,1777-04-01,1777,6.361999999999999
328,1777-05-01,1777,11.389
329,1777-06-01,1777,12.323
330,1777-07-01,1777,12.743
331,1777-08-01,1777,12.815
332,1777-09-01,1777,11.379
333,1777-10-01,1777,6.956
334,1777-11-01,1777,5.529
335,1777-12-01,1777,3.067
336,1778-01-01,1778,2.521
337,1778-02-01,1778,6.093999999999999
338,1778-03-01,1778,4.604
339,1778-04-01,1778,10.983999999999998
340,1778-05-01,1778,11.286
341,1778-06-01,1778,11.731
342,1778-07-01,1778,15.037
343,1778-08-01,1778,12.869000000000002
344,1778-09-01,1778,13.377
345,1778-10-01,1778,8.049
346,1778-11-01,1778,3.854
347,1778-12-01,1778,2.101
348,1779-01-01,1779,1.4700000000000002
349,1779-02-01,1779,5.14
350,1779-03-01,1779,6.9670000000000005
351,1779-04-01,1779,9.965
352,1779-05-01,1779,14.18
353,1779-06-01,1779,12.547
354,1779-07-01,1779,13.659
355,1779-08-01,1779,13.799
356,1779-09-01,1779,12.683
357,1779-10-01,1779,9.35
358,1779-11-01,1779,5.7700000000000005
359,1779-12-01,1779,2.269
360,1780-01-01,1780,2.515
361,1780-02-01,1780,4.08
362,1780-03-01,1780,5.724
363,1780-04-01,1780,13.732
364,1780-05-01,1780,15.756999999999998
365,1780-06-01,1780,14.747
366,1780-07-01,1780,16.183
367,1780-08-01,1780,12.947
368,1780-09-01,1780,8.844
369,1780-10-01,1780,9.376
370,1780-11-01,1780,6.706
371,1780-12-01,1780,2.584
372,1781-01-01,1781,2.401
373,1781-02-01,1781,2.267
374,1781-03-01,1781,4.772
375,1781-04-01,1781,6.922999999999999
376,1781-05-01,1781,11.102
377,1781-06-01,1781,11.678
378,1781-07-01,1781,14.285
379,1781-08-01,1781,14.140999999999998
380,1781-09-01,1781,10.303999999999998
381,1781-10-01,1781,8.546999999999999
382,1781-11-01,1781,7.523
383,1781-12-01,1781,3.2880000000000003
384,1782-01-01,1782,0.3410000000000002
385,1782-02-01,1782,0.6389999999999998
386,1782-03-01,1782,2.565
387,1782-04-01,1782,8.617999999999999
388,1782-05-01,1782,10.989999999999998
389,1782-06-01,1782,13.800999999999998
390,1782-07-01,1782,13.925
391,1782-08-01,1782,15.683
392,1782-09-01,1782,12.398
393,1782-10-01,1782,8.978
394,1782-11-01,1782,4.956
395,1782-12-01,1782,1.921
396,1783-01-01,1783,-1.4310000000000005
397,1783-02-01,1783,5.2940000000000005
398,1783-03-01,1783,4.799
399,1783-04-01,1783,8.574
400,1783-05-01,1783,11.819
401,1783-06-01,1783,14.34
402,1783-07-01,1783,13.069
403,1783-08-01,1783,13.970999999999998
404,1783-09-01,1783,9.957999999999998
405,1783-10-01,1783,7.356999999999998
406,1783-11-01,1783,2.196
407,1783-12-01,1783,2.224
408,1784-01-01,1784,2.596
409,1784-02-01,1784,0.989
410,1784-03-01,1784,3.919
411,1784-04-01,1784,8.142000000000001
412,1784-05-01,1784,10.013
413,1784-06-01,1784,12.803
414,1784-07-01,1784,14.947
415,1784-08-01,1784,15.861
416,1784-09-01,1784,10.265999999999998
417,1784-10-01,1784,6.835999999999999
418,1784-11-01,1784,4.557
419,1784-12-01,1784,3.415
420,1785-01-01,1785,0.865
421,1785-02-01,1785,1.045
422,1785-03-01,1785,2.289
423,1785-04-01,1785,6.379
424,1785-05-01,1785,9.853
425,1785-06-01,1785,13.744000000000002
426,1785-07-01,1785,14.468
427,1785-08-01,1785,14.466
428,1785-09-01,1785,10.497
429,1785-10-01,1785,7.350999999999999
430,1785-11-01,1785,5.526
431,1785-12-01,1785,1.873
432,1786-01-01,1786,0.7630000000000001
433,1786-02-01,1786,2.657
434,1786-03-01,1786,5.648
435,1786-04-01,1786,9.318
436,1786-05-01,1786,11.582999999999998
437,1786-06-01,1786,13.035
438,1786-07-01,1786,15.294
439,1786-08-01,1786,14.455
440,1786-09-01,1786,12.158
441,1786-10-01,1786,7.712000000000001
442,1786-11-01,1786,5.7410000000000005
443,1786-12-01,1786,0.7339999999999995
444,1787-01-01,1787,2.845
445,1787-02-01,1787,2.563
446,1787-03-01,1787,4.698
447,1787-04-01,1787,7.7719999999999985
448,1787-05-01,1787,11.403
449,1787-06-01,1787,14.369000000000002
450,1787-07-01,1787,13.451
451,1787-08-01,1787,13.555
452,1787-09-01,1787,10.357
453,1787-10-01,1787,7.7719999999999985
454,1787-11-01,1787,5.801
455,1787-12-01,1787,1.7959999999999998
456,1788-01-01,1788,0.7350000000000001
457,1788-02-01,1788,3.5810000000000004
458,1788-03-01,1788,5.336
459,1788-04-01,1788,8.713999999999999
460,1788-05-01,1788,10.428
461,1788-06-01,1788,13.808
462,1788-07-01,1788,16.468
463,1788-08-01,1788,13.885
464,1788-09-01,1788,11.699000000000002
465,1788-10-01,1788,9.349
466,1788-11-01,1788,6.111000000000001
467,1788-12-01,1788,1.2519999999999998
468,1789-01-01,1789,3.706
469,1789-02-01,1789,1.675
470,1789-03-01,1789,3.989
471,1789-04-01,1789,7.693999999999999
472,1789-05-01,1789,11.666
473,1789-06-01,1789,13.507
474,1789-07-01,1789,15.462
475,1789-08-01,1789,13.84
476,1789-09-01,1789,12.018
477,1789-10-01,1789,7.39
478,1789-11-01,1789,5.964
479,1789-12-01,1789,3.099
480,1790-01-01,1790,2.444
481,1790-02-01,1790,2.9730000000000003
482,1790-03-01,1790,4.582
483,1790-04-01,1790,6.052999999999999
484,1790-05-01,1790,10.357
485,1790-06-01,1790,13.746
486,1790-07-01,1790,13.812
487,1790-08-01,1790,13.925
488,1790-09-01,1790,11.233
489,1790-10-01,1790,8.577
490,1790-11-01,1790,5.331
491,1790-12-01,1790,2.755
492,1791-01-01,1791,1.493
493,1791-02-01,1791,3.466
494,1791-03-01,1791,4.79
495,1791-04-01,1791,9.127
496,1791-05-01,1791,9.859
497,1791-06-01,1791,13.231
498,1791-07-01,1791,13.612
499,1791-08-01,1791,13.744000000000002
500,1791-09-01,1791,11.677
501,1791-10-01,1791,8.08
502,1791-11-01,1791,6.206
503,1791-12-01,1791,3.526
504,1792-01-01,1792,0.3480000000000003
505,1792-02-01,1792,3.62
506,1792-03-01,1792,4.428999999999999
507,1792-04-01,1792,7.994
508,1792-05-01,1792,11.321
509,1792-06-01,1792,13.581
510,1792-07-01,1792,14.212
511,1792-08-01,1792,12.281
512,1792-09-01,1792,12.491
513,1792-10-01,1792,8.097000000000001
514,1792-11-01,1792,5.306
515,1792-12-01,1792,3.388
516,1793-01-01,1793,0.5209999999999999
517,1793-02-01,1793,4.745
518,1793-03-01,1793,5.042
519,1793-04-01,1793,8.642999999999999
520,1793-05-01,1793,11.059
521,1793-06-01,1793,13.146
522,1793-07-01,1793,14.336
523,1793-08-01,1793,13.16
524,1793-09-01,1793,12.002
525,1793-10-01,1793,8.392999999999999
526,1793-11-01,1793,5.666
527,1793-12-01,1793,2.037
528,1794-01-01,1794,3.71
529,1794-02-01,1794,3.605
530,1794-03-01,1794,5.696000000000001
531,1794-04-01,1794,9.367
532,1794-05-01,1794,12.376
533,1794-06-01,1794,11.994000000000002
534,1794-07-01,1794,12.874
535,1794-08-01,1794,13.484000000000002
536,1794-09-01,1794,11.896
537,1794-10-01,1794,9.108
538,1794-11-01,1794,5.284
539,1794-12-01,1794,2.918
540,1795-01-01,1795,2.7310000000000003
541,1795-02-01,1795,4.39
542,1795-03-01,1795,5.709
543,1795-04-01,1795,8.918
544,1795-05-01,1795,11.029000000000002
545,1795-06-01,1795,13.293
546,1795-07-01,1795,14.295
547,1795-08-01,1795,13.14
548,1795-09-01,1795,11.133
549,1795-10-01,1795,7.786
550,1795-11-01,1795,5.207000000000001
551,1795-12-01,1795,2.573
552,1796-01-01,1796,2.8440000000000003
553,1796-02-01,1796,2.736
554,1796-03-01,1796,3.477
555,1796-04-01,1796,7.773
556,1796-05-01,1796,11.273
557,1796-06-01,1796,14.216
558,1796-07-01,1796,14.314
559,1796-08-01,1796,14.722
560,1796-09-01,1796,12.012
561,1796-10-01,1796,8.924
562,1796-11-01,1796,5.702000000000001
563,1796-12-01,1796,1.259
564,1797-01-01,1797,4.396
565,1797-02-01,1797,4.957
566,1797-03-01,1797,4.056
567,1797-04-01,1797,6.6
568,1797-05-01,1797,10.417
569,1797-06-01,1797,13.852
570,1797-07-01,1797,14.107
571,1797-08-01,1797,14.04
572,1797-09-01,1797,12.459
573,1797-10-01,1797,9.191
574,1797-11-01,1797,4.777
575,1797-12-01,1797,3.275
576,1798-01-01,1798,2.6790000000000003
577,1798-02-01,1798,3.213
578,1798-03-01,1798,7.007999999999999
579,1798-04-01,1798,8.083
580,1798-05-01,1798,11.768999999999998
581,1798-06-01,1798,13.246
582,1798-07-01,1798,14.951
583,1798-08-01,1798,14.754
584,1798-09-01,1798,11.627
585,1798-10-01,1798,8.655
586,1798-11-01,1798,6.031000000000001
587,1798-12-01,1798,2.027
588,1799-01-01,1799,1.923
589,1799-02-01,1799,2.0780000000000003
590,1799-03-01,1799,3.986
591,1799-04-01,1799,8.786
592,1799-05-01,1799,11.353
593,1799-06-01,1799,13.68
594,1799-07-01,1799,14.869000000000002
595,1799-08-01,1799,14.086
596,1799-09-01,1799,12.311
597,1799-10-01,1799,9.606
598,1799-11-01,1799,5.904
599,1799-12-01,1799,3.487
600,1800-01-01,1800,2.815
601,1800-02-01,1800,3.634
602,1800-03-01,1800,4.452
603,1800-04-01,1800,9.125
604,1800-05-01,1800,11.097
605,1800-06-01,1800,13.606
606,1800-07-01,1800,13.763
607,1800-08-01,1800,13.619000000000002
608,1800-09-01,1800,10.795
609,1800-10-01,1800,9.469
610,1800-11-01,1800,5.572
611,1800-12-01,1800,3.864
612,1801-01-01,1801,2.6870000000000003
613,1801-02-01,1801,3.149
614,1801-03-01,1801,6.455
615,1801-04-01,1801,7.404
616,1801-05-01,1801,12.123
617,1801-06-01,1801,12.536
618,1801-07-01,1801,14.675999999999998
619,1801-08-01,1801,13.187
620,1801-09-01,1801,11.462
621,1801-10-01,1801,9.099
622,1801-11-01,1801,5.72
623,1801-12-01,1801,4.577999999999999
624,1802-01-01,1802,3.74
625,1802-02-01,1802,2.8280000000000003
626,1802-03-01,1802,5.2010000000000005
627,1802-04-01,1802,7.622999999999998
628,1802-05-01,1802,10.457
629,1802-06-01,1802,14.470999999999998
630,1802-07-01,1802,14.628
631,1802-08-01,1802,14.039
632,1802-09-01,1802,11.787999999999998
633,1802-10-01,1802,9.747
634,1802-11-01,1802,5.535
635,1802-12-01,1802,2.881
636,1803-01-01,1803,0.6019999999999999
637,1803-02-01,1803,1.443
638,1803-03-01,1803,4.875
639,1803-04-01,1803,9.291
640,1803-05-01,1803,11.795
641,1803-06-01,1803,13.821
642,1803-07-01,1803,15.106
643,1803-08-01,1803,15.366
644,1803-09-01,1803,12.33
645,1803-10-01,1803,9.119
646,1803-11-01,1803,5.961
647,1803-12-01,1803,2.327
648,1804-01-01,1804,2.4450000000000003
649,1804-02-01,1804,1.939
650,1804-03-01,1804,4.425
651,1804-04-01,1804,10.057
652,1804-05-01,1804,12.107
653,1804-06-01,1804,13.774
654,1804-07-01,1804,15.774
655,1804-08-01,1804,14.511
656,1804-09-01,1804,12.468
657,1804-10-01,1804,9.282
658,1804-11-01,1804,7.132000000000001
659,1804-12-01,1804,2.224
660,1805-01-01,1805,2.822
661,1805-02-01,1805,2.557
662,1805-03-01,1805,5.76
663,1805-04-01,1805,8.123
664,1805-05-01,1805,11.104
665,1805-06-01,1805,14.027
666,1805-07-01,1805,14.702
667,1805-08-01,1805,15.27
668,1805-09-01,1805,12.039
669,1805-10-01,1805,7.635999999999999
670,1805-11-01,1805,4.555
671,1805-12-01,1805,4.158
672,1806-01-01,1806,2.9170000000000003
673,1806-02-01,1806,2.937
674,1806-03-01,1806,4.691
675,1806-04-01,1806,8.032
676,1806-05-01,1806,11.503
677,1806-06-01,1806,12.418
678,1806-07-01,1806,13.923
679,1806-08-01,1806,14.593
680,1806-09-01,1806,12.549
681,1806-10-01,1806,8.426
682,1806-11-01,1806,5.231
683,1806-12-01,1806,3.989
684,1807-01-01,1807,1.0550000000000002
685,1807-02-01,1807,4.093999999999999
686,1807-03-01,1807,4.788
687,1807-04-01,1807,6.970999999999999
688,1807-05-01,1807,9.331
689,1807-06-01,1807,13.293
690,1807-07-01,1807,14.138
691,1807-08-01,1807,13.799
692,1807-09-01,1807,12.614999999999998
693,1807-10-01,1807,8.857000000000001
694,1807-11-01,1807,6.015
695,1807-12-01,1807,4.420999999999999
696,1808-01-01,1808,1.131
697,1808-02-01,1808,2.142
698,1808-03-01,1808,4.361000000000001
699,1808-04-01,1808,7.481999999999998
700,1808-05-01,1808,9.357
701,1808-06-01,1808,13.428999999999998
702,1808-07-01,1808,14.491
703,1808-08-01,1808,13.047
704,1808-09-01,1808,12.711
705,1808-10-01,1808,7.971999999999999
706,1808-11-01,1808,4.5120000000000005
707,1808-12-01,1808,0.887
708,1809-01-01,1809,0.2080000000000001
709,1809-02-01,1809,0.8559999999999999
710,1809-03-01,1809,3.425
711,1809-04-01,1809,7.832999999999998
712,1809-05-01,1809,9.243
713,1809-06-01,1809,12.998
714,1809-07-01,1809,12.656
715,1809-08-01,1809,12.905
716,1809-09-01,1809,10.967
717,1809-10-01,1809,8.65
718,1809-11-01,1809,3.099
719,1809-12-01,1809,2.077
720,1810-01-01,1810,0.8880000000000001
721,1810-02-01,1810,2.391
722,1810-03-01,1810,5.013999999999999
723,1810-04-01,1810,6.533
724,1810-05-01,1810,9.069
725,1810-06-01,1810,11.934
726,1810-07-01,1810,12.550999999999998
727,1810-08-01,1810,12.041
728,1810-09-01,1810,9.532
729,1810-10-01,1810,6.632000000000001
730,1810-11-01,1810,3.827
731,1810-12-01,1810,2.66
732,1811-01-01,1811,1.374
733,1811-02-01,1811,0.4500000000000002
734,1811-03-01,1811,3.701
735,1811-04-01,1811,6.3020000000000005
736,1811-05-01,1811,9.443
737,1811-06-01,1811,12.137
738,1811-07-01,1811,11.956
739,1811-08-01,1811,13.326
740,1811-09-01,1811,10.368
741,1811-10-01,1811,6.58
742,1811-11-01,1811,3.503
743,1811-12-01,1811,3.174
744,1812-01-01,1812,0.977
745,1812-02-01,1812,0.1310000000000002
746,1812-03-01,1812,2.044
747,1812-04-01,1812,6.949999999999998
748,1812-05-01,1812,9.579999999999998
749,1812-06-01,1812,12.005
750,1812-07-01,1812,14.355
751,1812-08-01,1812,15.018
752,1812-09-01,1812,10.185
753,1812-10-01,1812,7.593
754,1812-11-01,1812,4.369
755,1812-12-01,1812,1.348
756,1813-01-01,1813,-1.3849999999999998
757,1813-02-01,1813,2.258
758,1813-03-01,1813,1.596
759,1813-04-01,1813,8.181999999999999
760,1813-05-01,1813,11.367
761,1813-06-01,1813,13.242
762,1813-07-01,1813,14.521
763,1813-08-01,1813,13.097
764,1813-09-01,1813,12.339
765,1813-10-01,1813,8.666
766,1813-11-01,1813,6.825
767,1813-12-01,1813,2.171
768,1814-01-01,1814,1.5020000000000002
769,1814-02-01,1814,1.689
770,1814-03-01,1814,2.664
771,1814-04-01,1814,7.193
772,1814-05-01,1814,9.417
773,1814-06-01,1814,12.818
774,1814-07-01,1814,12.532
775,1814-08-01,1814,12.668
776,1814-09-01,1814,10.675999999999998
777,1814-10-01,1814,7.374
778,1814-11-01,1814,6.739
779,1814-12-01,1814,5.8290000000000015
780,1815-01-01,1815,2.051
781,1815-02-01,1815,2.273
782,1815-03-01,1815,3.663
783,1815-04-01,1815,6.587999999999999
784,1815-05-01,1815,9.845
785,1815-06-01,1815,11.162
786,1815-07-01,1815,14.394
787,1815-08-01,1815,13.209
788,1815-09-01,1815,11.151
789,1815-10-01,1815,7.1370000000000005
790,1815-11-01,1815,4.178
791,1815-12-01,1815,1.2209999999999996
792,1816-01-01,1816,2.737
793,1816-02-01,1816,0.6759999999999997
794,1816-03-01,1816,3.905
795,1816-04-01,1816,7.606
796,1816-05-01,1816,10.594
797,1816-06-01,1816,11.79
798,1816-07-01,1816,12.267
799,1816-08-01,1816,12.57
800,1816-09-01,1816,10.39
801,1816-10-01,1816,5.699
802,1816-11-01,1816,4.058
803,1816-12-01,1816,0.9580000000000002
804,1817-01-01,1817,1.54
805,1817-02-01,1817,3.649
806,1817-03-01,1817,4.569
807,1817-04-01,1817,7.8889999999999985
808,1817-05-01,1817,9.476
809,1817-06-01,1817,11.287
810,1817-07-01,1817,12.072
811,1817-08-01,1817,13.403
812,1817-09-01,1817,8.812000000000001
813,1817-10-01,1817,6.202999999999999
814,1817-11-01,1817,4.638
815,1817-12-01,1817,0.1699999999999999
816,1818-01-01,1818,1.2040000000000002
817,1818-02-01,1818,0.7549999999999999
818,1818-03-01,1818,5.565
819,1818-04-01,1818,9.901
820,1818-05-01,1818,11.247
821,1818-06-01,1818,13.825
822,1818-07-01,1818,13.51
823,1818-08-01,1818,13.166
824,1818-09-01,1818,10.578
825,1818-10-01,1818,6.654
826,1818-11-01,1818,5.035
827,1818-12-01,1818,2.507
828,1819-01-01,1819,1.0140000000000002
829,1819-02-01,1819,2.286
830,1819-03-01,1819,2.931
831,1819-04-01,1819,7.029
832,1819-05-01,1819,9.851
833,1819-06-01,1819,12.526
834,1819-07-01,1819,13.038
835,1819-08-01,1819,12.557
836,1819-09-01,1819,10.893999999999998
837,1819-10-01,1819,9.312
838,1819-11-01,1819,5.15
839,1819-12-01,1819,1.842
840,1820-01-01,1820,1.236
841,1820-02-01,1820,2.145
842,1820-03-01,1820,4.618
843,1820-04-01,1820,8.7
844,1820-05-01,1820,11.62
845,1820-06-01,1820,13.323
846,1820-07-01,1820,13.311
847,1820-08-01,1820,11.978
848,1820-09-01,1820,11.16
849,1820-10-01,1820,7.587999999999999
850,1820-11-01,1820,4.4430000000000005
851,1820-12-01,1820,1.273
852,1821-01-01,1821,2.999
853,1821-02-01,1821,3.758
854,1821-03-01,1821,5.462000000000001
855,1821-04-01,1821,7.738999999999999
856,1821-05-01,1821,11.3
857,1821-06-01,1821,12.608
858,1821-07-01,1821,13.039
859,1821-08-01,1821,13.145
860,1821-09-01,1821,10.178
861,1821-10-01,1821,8.535
862,1821-11-01,1821,5.601
863,1821-12-01,1821,2.717
864,1822-01-01,1822,2.759
865,1822-02-01,1822,4.465
866,1822-03-01,1822,7.787000000000001
867,1822-04-01,1822,8.277999999999999
868,1822-05-01,1822,10.486
869,1822-06-01,1822,13.067
870,1822-07-01,1822,14.212
871,1822-08-01,1822,13.215
872,1822-09-01,1822,10.695
873,1822-10-01,1822,7.773999999999999
874,1822-11-01,1822,4.501
875,1822-12-01,1822,1.0210000000000004
876,1823-01-01,1823,1.758
877,1823-02-01,1823,1.966
878,1823-03-01,1823,5.0680000000000005
879,1823-04-01,1823,7.664999999999999
880,1823-05-01,1823,10.563
881,1823-06-01,1823,13.958
882,1823-07-01,1823,14.197
883,1823-08-01,1823,13.13
884,1823-09-01,1823,10.198
885,1823-10-01,1823,7.641999999999999
886,1823-11-01,1823,4.508
887,1823-12-01,1823,1.971
888,1824-01-01,1824,2.651
889,1824-02-01,1824,2.679
890,1824-03-01,1824,5.357
891,1824-04-01,1824,8.375
892,1824-05-01,1824,11.132
893,1824-06-01,1824,13.427
894,1824-07-01,1824,14.83
895,1824-08-01,1824,13.437
896,1824-09-01,1824,11.528
897,1824-10-01,1824,8.197000000000001
898,1824-11-01,1824,5.877000000000001
899,1824-12-01,1824,5.0760000000000005
900,1825-01-01,1825,3.213
901,1825-02-01,1825,3.092
902,1825-03-01,1825,5.365
903,1825-04-01,1825,8.988
904,1825-05-01,1825,10.751
905,1825-06-01,1825,13.765
906,1825-07-01,1825,14.007
907,1825-08-01,1825,13.269
908,1825-09-01,1825,11.148
909,1825-10-01,1825,7.978999999999999
910,1825-11-01,1825,6.058
911,1825-12-01,1825,3.037
912,1826-01-01,1826,1.893
913,1826-02-01,1826,1.533
914,1826-03-01,1826,4.888
915,1826-04-01,1826,8.402999999999999
916,1826-05-01,1826,11.803999999999998
917,1826-06-01,1826,13.02
918,1826-07-01,1826,14.482
919,1826-08-01,1826,13.109000000000002
920,1826-09-01,1826,11.178
921,1826-10-01,1826,8.459
922,1826-11-01,1826,6.634
923,1826-12-01,1826,4.876
924,1827-01-01,1827,3.593
925,1827-02-01,1827,4.415
926,1827-03-01,1827,6.141
927,1827-04-01,1827,9.428999999999998
928,1827-05-01,1827,11.807
929,1827-06-01,1827,13.548
930,1827-07-01,1827,14.684
931,1827-08-01,1827,13.694
932,1827-09-01,1827,10.883
933,1827-10-01,1827,8.51
934,1827-11-01,1827,6.279
935,1827-12-01,1827,2.722
936,1828-01-01,1828,0.5950000000000002
937,1828-02-01,1828,1.853
938,1828-03-01,1828,5.729
939,1828-04-01,1828,8.737
940,1828-05-01,1828,11.281
941,1828-06-01,1828,14.124
942,1828-07-01,1828,14.384
943,1828-08-01,1828,13.635
944,1828-09-01,1828,10.079999999999998
945,1828-10-01,1828,8.655999999999999
946,1828-11-01,1828,5.957000000000001
947,1828-12-01,1828,2.9530000000000003
948,1829-01-01,1829,2.032
949,1829-02-01,1829,1.715
950,1829-03-01,1829,5.061
951,1829-04-01,1829,7.814999999999999
952,1829-05-01,1829,11.336
953,1829-06-01,1829,12.86
954,1829-07-01,1829,14.225
955,1829-08-01,1829,13.399
956,1829-09-01,1829,10.598
957,1829-10-01,1829,8.806000000000001
958,1829-11-01,1829,5.003
959,1829-12-01,1829,2.452
960,1830-01-01,1830,2.9570000000000003
961,1830-02-01,1830,4.085
962,1830-03-01,1830,4.4540000000000015
963,1830-04-01,1830,8.841000000000001
964,1830-05-01,1830,10.202
965,1830-06-01,1830,12.827
966,1830-07-01,1830,14.942
967,1830-08-01,1830,13.386
968,1830-09-01,1830,10.54
969,1830-10-01,1830,7.9929999999999986
970,1830-11-01,1830,7.492999999999999
971,1830-12-01,1830,4.481
972,1831-01-01,1831,2.182
973,1831-02-01,1831,2.479
974,1831-03-01,1831,4.558
975,1831-04-01,1831,7.731
976,1831-05-01,1831,10.994000000000002
977,1831-06-01,1831,13.203
978,1831-07-01,1831,13.58
979,1831-08-01,1831,12.49
980,1831-09-01,1831,9.946
981,1831-10-01,1831,7.83
982,1831-11-01,1831,4.412
983,1831-12-01,1831,2.265
984,1832-01-01,1832,1.717
985,1832-02-01,1832,1.833
986,1832-03-01,1832,4.65
987,1832-04-01,1832,8.059
988,1832-05-01,1832,10.489
989,1832-06-01,1832,12.857
990,1832-07-01,1832,13.727
991,1832-08-01,1832,11.966
992,1832-09-01,1832,10.425999999999998
993,1832-10-01,1832,8.634
994,1832-11-01,1832,4.2620000000000005
995,1832-12-01,1832,0.7819999999999996
996,1833-01-01,1833,2.006
997,1833-02-01,1833,2.815
998,1833-03-01,1833,4.521
999,1833-04-01,1833,7.869
1000,1833-05-01,1833,10.581
1001,1833-06-01,1833,13.049
1002,1833-07-01,1833,13.803
1003,1833-08-01,1833,13.222
1004,1833-09-01,1833,11.236
1005,1833-10-01,1833,7.899999999999999
1006,1833-11-01,1833,6.596
1007,1833-12-01,1833,2.5580000000000003
1008,1834-01-01,1834,0.3340000000000001
1009,1834-02-01,1834,2.329
1010,1834-03-01,1834,5.736000000000001
1011,1834-04-01,1834,8.084999999999999
1012,1834-05-01,1834,11.234000000000002
1013,1834-06-01,1834,12.799
1014,1834-07-01,1834,14.197
1015,1834-08-01,1834,13.412
1016,1834-09-01,1834,11.571
1017,1834-10-01,1834,8.616999999999999
1018,1834-11-01,1834,6.355
1019,1834-12-01,1834,3.092
1020,1835-01-01,1835,2.551
1021,1835-02-01,1835,2.967
1022,1835-03-01,1835,4.507
1023,1835-04-01,1835,7.768999999999999
1024,1835-05-01,1835,10.171
1025,1835-06-01,1835,12.007
1026,1835-07-01,1835,13.129
1027,1835-08-01,1835,12.322
1028,1835-09-01,1835,9.942
1029,1835-10-01,1835,7.834999999999999
1030,1835-11-01,1835,4.312
1031,1835-12-01,1835,1.198
1032,1836-01-01,1836,1.67
1033,1836-02-01,1836,2.371
1034,1836-03-01,1836,5.448
1035,1836-04-01,1836,7.314999999999999
1036,1836-05-01,1836,10.279000000000002
1037,1836-06-01,1836,12.549
1038,1836-07-01,1836,13.646
1039,1836-08-01,1836,12.83
1040,1836-09-01,1836,10.812
1041,1836-10-01,1836,8.756
1042,1836-11-01,1836,3.814
1043,1836-12-01,1836,2.86
1044,1837-01-01,1837,1.94
1045,1837-02-01,1837,2.619
1046,1837-03-01,1837,3.865
1047,1837-04-01,1837,6.555999999999999
1048,1837-05-01,1837,9.973
1049,1837-06-01,1837,12.099
1050,1837-07-01,1837,13.526
1051,1837-08-01,1837,13.018
1052,1837-09-01,1837,10.805
1053,1837-10-01,1837,7.653
1054,1837-11-01,1837,4.1690000000000005
1055,1837-12-01,1837,2.285
1056,1838-01-01,1838,-0.5569999999999999
1057,1838-02-01,1838,1.5630000000000002
1058,1838-03-01,1838,3.723
1059,1838-04-01,1838,7.382999999999999
1060,1838-05-01,1838,9.985
1061,1838-06-01,1838,12.742
1062,1838-07-01,1838,14.367
1063,1838-08-01,1838,13.568
1064,1838-09-01,1838,11.106
1065,1838-10-01,1838,8.526
1066,1838-11-01,1838,5.16
1067,1838-12-01,1838,2.613
1068,1839-01-01,1839,2.156
1069,1839-02-01,1839,3.482
1070,1839-03-01,1839,2.673
1071,1839-04-01,1839,7.891999999999999
1072,1839-05-01,1839,10.289
1073,1839-06-01,1839,12.548
1074,1839-07-01,1839,14.411
1075,1839-08-01,1839,14.07
1076,1839-09-01,1839,10.853
1077,1839-10-01,1839,8.219
1078,1839-11-01,1839,3.92
1079,1839-12-01,1839,1.0739999999999998
1080,1840-01-01,1840,2.5610000000000004
1081,1840-02-01,1840,2.1020000000000003
1082,1840-03-01,1840,4.04
1083,1840-04-01,1840,7.943
1084,1840-05-01,1840,11.173
1085,1840-06-01,1840,13.411
1086,1840-07-01,1840,14.714
1087,1840-08-01,1840,13.086
1088,1840-09-01,1840,11.01
1089,1840-10-01,1840,7.505
1090,1840-11-01,1840,4.101
1091,1840-12-01,1840,1.909
1092,1841-01-01,1841,0.6490000000000002
1093,1841-02-01,1841,2.468
1094,1841-03-01,1841,3.307
1095,1841-04-01,1841,6.77
1096,1841-05-01,1841,10.764
1097,1841-06-01,1841,13.062
1098,1841-07-01,1841,14.552
1099,1841-08-01,1841,13.708
1100,1841-09-01,1841,10.921
1101,1841-10-01,1841,8.764999999999999
1102,1841-11-01,1841,4.744
1103,1841-12-01,1841,2.548
1104,1842-01-01,1842,1.636
1105,1842-02-01,1842,2.787
1106,1842-03-01,1842,5.75
1107,1842-04-01,1842,8.309999999999999
1108,1842-05-01,1842,10.535
1109,1842-06-01,1842,12.629
1110,1842-07-01,1842,13.584
1111,1842-08-01,1842,13.241
1112,1842-09-01,1842,10.94
1113,1842-10-01,1842,8.307
1114,1842-11-01,1842,4.824
1115,1842-12-01,1842,3.73
1116,1843-01-01,1843,2.974
1117,1843-02-01,1843,3.92
1118,1843-03-01,1843,4.744
1119,1843-04-01,1843,7.829999999999999
1120,1843-05-01,1843,10.04
1121,1843-06-01,1843,12.53
1122,1843-07-01,1843,13.991
1123,1843-08-01,1843,13.295
1124,1843-09-01,1843,11.326
1125,1843-10-01,1843,8.722000000000001
1126,1843-11-01,1843,4.947
1127,1843-12-01,1843,3.765
1128,1844-01-01,1844,1.868
1129,1844-02-01,1844,2.0380000000000003
1130,1844-03-01,1844,4.734
1131,1844-04-01,1844,7.3889999999999985
1132,1844-05-01,1844,10.109
1133,1844-06-01,1844,12.84
1134,1844-07-01,1844,13.921
1135,1844-08-01,1844,13.046
1136,1844-09-01,1844,10.819
1137,1844-10-01,1844,8.7
1138,1844-11-01,1844,4.401
1139,1844-12-01,1844,1.891
1140,1845-01-01,1845,2.661
1141,1845-02-01,1845,1.6269999999999998
1142,1845-03-01,1845,4.651
1143,1845-04-01,1845,8.158
1144,1845-05-01,1845,10.433
1145,1845-06-01,1845,12.863
1146,1845-07-01,1845,14.319
1147,1845-08-01,1845,13.556
1148,1845-09-01,1845,11.234000000000002
1149,1845-10-01,1845,7.781999999999999
1150,1845-11-01,1845,5.194
1151,1845-12-01,1845,1.7359999999999998
1152,1846-01-01,1846,3.213
1153,1846-02-01,1846,3.3760000000000003
1154,1846-03-01,1846,6.314
1155,1846-04-01,1846,7.472999999999999
1156,1846-05-01,1846,10.896
1157,1846-06-01,1846,13.53
1158,1846-07-01,1846,14.923
1159,1846-08-01,1846,14.121
1160,1846-09-01,1846,11.738
1161,1846-10-01,1846,8.229
1162,1846-11-01,1846,5.0440000000000005
1163,1846-12-01,1846,3.776
1164,1847-01-01,1847,2.753
1165,1847-02-01,1847,3.602
1166,1847-03-01,1847,4.046
1167,1847-04-01,1847,7.979999999999999
1168,1847-05-01,1847,10.622
1169,1847-06-01,1847,12.828
1170,1847-07-01,1847,14.25
1171,1847-08-01,1847,13.414
1172,1847-09-01,1847,11.619000000000002
1173,1847-10-01,1847,8.618
1174,1847-11-01,1847,5.574
1175,1847-12-01,1847,1.7259999999999998
1176,1848-01-01,1848,0.5100000000000002
1177,1848-02-01,1848,3.726
1178,1848-03-01,1848,4.806
1179,1848-04-01,1848,8.11
1180,1848-05-01,1848,10.579999999999998
1181,1848-06-01,1848,13.247
1182,1848-07-01,1848,14.466
1183,1848-08-01,1848,13.268
1184,1848-09-01,1848,10.997
1185,1848-10-01,1848,8.655
1186,1848-11-01,1848,5.29
1187,1848-12-01,1848,2.099
1188,1849-01-01,1849,1.941
1189,1849-02-01,1849,2.638
1190,1849-03-01,1849,5.3020000000000005
1191,1849-04-01,1849,7.028
1192,1849-05-01,1849,10.159
1193,1849-06-01,1849,13.0
1194,1849-07-01,1849,14.458
1195,1849-08-01,1849,13.603
1196,1849-09-01,1849,11.093
1197,1849-10-01,1849,8.889999999999997
1198,1849-11-01,1849,5.7780000000000005
1199,1849-12-01,1849,1.923
1200,1850-01-01,1850,0.7490000000000001
1201,1850-02-01,1850,3.071
1202,1850-03-01,1850,4.954
1203,1850-04-01,1850,7.217
1204,1850-05-01,1850,10.004
1205,1850-06-01,1850,13.15
1206,1850-07-01,1850,14.492
1207,1850-08-01,1850,14.039
1208,1850-09-01,1850,11.505
1209,1850-10-01,1850,8.091000000000001
1210,1850-11-01,1850,4.7330000000000005
1211,1850-12-01,1850,2.803
1212,1851-01-01,1851,2.431
1213,1851-02-01,1851,2.508
1214,1851-03-01,1851,4.192
1215,1851-04-01,1851,7.286999999999999
1216,1851-05-01,1851,11.113
1217,1851-06-01,1851,13.418
1218,1851-07-01,1851,14.531
1219,1851-08-01,1851,13.751
1220,1851-09-01,1851,11.677
1221,1851-10-01,1851,9.122
1222,1851-11-01,1851,4.973
1223,1851-12-01,1851,3.14
1224,1852-01-01,1852,2.3760000000000003
1225,1852-02-01,1852,2.54
1226,1852-03-01,1852,3.884
1227,1852-04-01,1852,7.486999999999999
1228,1852-05-01,1852,11.169
1229,1852-06-01,1852,13.164
1230,1852-07-01,1852,14.512
1231,1852-08-01,1852,13.304
1232,1852-09-01,1852,11.478
1233,1852-10-01,1852,8.91
1234,1852-11-01,1852,4.593
1235,1852-12-01,1852,3.785
1236,1853-01-01,1853,1.786
1237,1853-02-01,1853,2.228
1238,1853-03-01,1853,4.078
1239,1853-04-01,1853,7.540999999999999
1240,1853-05-01,1853,10.975
1241,1853-06-01,1853,13.41
1242,1853-07-01,1853,14.645
1243,1853-08-01,1853,13.953
1244,1853-09-01,1853,11.71
1245,1853-10-01,1853,8.535
1246,1853-11-01,1853,4.783
1247,1853-12-01,1853,2.858
1248,1854-01-01,1854,1.281
1249,1854-02-01,1854,1.941
1250,1854-03-01,1854,4.698
1251,1854-04-01,1854,7.622000000000001
1252,1854-05-01,1854,11.095
1253,1854-06-01,1854,12.829
1254,1854-07-01,1854,14.692
1255,1854-08-01,1854,13.889
1256,1854-09-01,1854,11.514
1257,1854-10-01,1854,9.763
1258,1854-11-01,1854,5.745
1259,1854-12-01,1854,3.457
1260,1855-01-01,1855,2.522
1261,1855-02-01,1855,2.982
1262,1855-03-01,1855,4.617
1263,1855-04-01,1855,8.58
1264,1855-05-01,1855,11.186
1265,1855-06-01,1855,12.984000000000002
1266,1855-07-01,1855,13.925999999999998
1267,1855-08-01,1855,13.547
1268,1855-09-01,1855,11.140999999999998
1269,1855-10-01,1855,8.443999999999999
1270,1855-11-01,1855,5.186
1271,1855-12-01,1855,2.214
1272,1856-01-01,1856,2.76
1273,1856-02-01,1856,2.226
1274,1856-03-01,1856,4.372
1275,1856-04-01,1856,7.750999999999999
1276,1856-05-01,1856,10.53
1277,1856-06-01,1856,13.496
1278,1856-07-01,1856,14.019
1279,1856-08-01,1856,13.021
1280,1856-09-01,1856,10.948
1281,1856-10-01,1856,8.087
1282,1856-11-01,1856,5.36
1283,1856-12-01,1856,3.381
1284,1857-01-01,1857,1.821
1285,1857-02-01,1857,2.481
1286,1857-03-01,1857,4.312
1287,1857-04-01,1857,6.826999999999999
1288,1857-05-01,1857,9.885
1289,1857-06-01,1857,12.611
1290,1857-07-01,1857,13.953
1291,1857-08-01,1857,13.203
1292,1857-09-01,1857,11.056
1293,1857-10-01,1857,8.198
1294,1857-11-01,1857,5.236000000000001
1295,1857-12-01,1857,3.515
1296,1858-01-01,1858,2.739
1297,1858-02-01,1858,2.2840000000000003
1298,1858-03-01,1858,4.834
1299,1858-04-01,1858,8.25
1300,1858-05-01,1858,10.851
1301,1858-06-01,1858,12.956
1302,1858-07-01,1858,13.677
1303,1858-08-01,1858,13.22
1304,1858-09-01,1858,11.148
1305,1858-10-01,1858,8.809999999999997
1306,1858-11-01,1858,5.99
1307,1858-12-01,1858,2.444
1308,1859-01-01,1859,2.015
1309,1859-02-01,1859,2.611
1310,1859-03-01,1859,5.023
1311,1859-04-01,1859,8.542
1312,1859-05-01,1859,11.456
1313,1859-06-01,1859,13.142
1314,1859-07-01,1859,13.827
1315,1859-08-01,1859,13.217
1316,1859-09-01,1859,11.079999999999998
1317,1859-10-01,1859,8.834
1318,1859-11-01,1859,5.912000000000001
1319,1859-12-01,1859,3.365
1320,1860-01-01,1860,2.077
1321,1860-02-01,1860,2.632
1322,1860-03-01,1860,3.494
1323,1860-04-01,1860,7.76
1324,1860-05-01,1860,11.062
1325,1860-06-01,1860,13.271999999999998
1326,1860-07-01,1860,14.203
1327,1860-08-01,1860,13.765
1328,1860-09-01,1860,11.892
1329,1860-10-01,1860,8.712
1330,1860-11-01,1860,5.027
1331,1860-12-01,1860,1.634
1332,1861-01-01,1861,0.4040000000000004
1333,1861-02-01,1861,2.137
1334,1861-03-01,1861,4.489
1335,1861-04-01,1861,7.486999999999999
1336,1861-05-01,1861,10.515999999999998
1337,1861-06-01,1861,13.017
1338,1861-07-01,1861,13.967
1339,1861-08-01,1861,13.656
1340,1861-09-01,1861,11.409
1341,1861-10-01,1861,8.475
1342,1861-11-01,1861,5.707000000000001
1343,1861-12-01,1861,2.894
1344,1862-01-01,1862,0.685
1345,1862-02-01,1862,1.769
1346,1862-03-01,1862,4.485
1347,1862-04-01,1862,7.322999999999999
1348,1862-05-01,1862,10.739
1349,1862-06-01,1862,12.86
1350,1862-07-01,1862,13.928
1351,1862-08-01,1862,13.188
1352,1862-09-01,1862,11.028
1353,1862-10-01,1862,8.283
1354,1862-11-01,1862,4.792
1355,1862-12-01,1862,1.6230000000000002
1356,1863-01-01,1863,3.0340000000000003
1357,1863-02-01,1863,3.253
1358,1863-03-01,1863,4.682
1359,1863-04-01,1863,7.930999999999999
1360,1863-05-01,1863,11.081
1361,1863-06-01,1863,12.794
1362,1863-07-01,1863,13.765
1363,1863-08-01,1863,13.294
1364,1863-09-01,1863,11.23
1365,1863-10-01,1863,8.235
1366,1863-11-01,1863,5.392
1367,1863-12-01,1863,2.651
1368,1864-01-01,1864,1.551
1369,1864-02-01,1864,2.506
1370,1864-03-01,1864,4.651
1371,1864-04-01,1864,7.515
1372,1864-05-01,1864,10.956
1373,1864-06-01,1864,13.365
1374,1864-07-01,1864,14.162
1375,1864-08-01,1864,13.434
1376,1864-09-01,1864,11.37
1377,1864-10-01,1864,8.795
1378,1864-11-01,1864,5.232
1379,1864-12-01,1864,2.266
1380,1865-01-01,1865,2.975
1381,1865-02-01,1865,2.152
1382,1865-03-01,1865,4.039
1383,1865-04-01,1865,7.313999999999999
1384,1865-05-01,1865,10.917
1385,1865-06-01,1865,13.214
1386,1865-07-01,1865,14.22
1387,1865-08-01,1865,13.58
1388,1865-09-01,1865,11.797
1389,1865-10-01,1865,9.136
1390,1865-11-01,1865,6.144
1391,1865-12-01,1865,2.6460000000000004
1392,1866-01-01,1866,2.932
1393,1866-02-01,1866,2.274
1394,1866-03-01,1866,4.421
1395,1866-04-01,1866,7.914
1396,1866-05-01,1866,10.898
1397,1866-06-01,1866,12.853
1398,1866-07-01,1866,14.602
1399,1866-08-01,1866,13.532
1400,1866-09-01,1866,11.527
1401,1866-10-01,1866,8.506
1402,1866-11-01,1866,5.8950000000000005
1403,1866-12-01,1866,4.152
1404,1867-01-01,1867,2.482
1405,1867-02-01,1867,2.664
1406,1867-03-01,1867,4.4540000000000015
1407,1867-04-01,1867,8.258
1408,1867-05-01,1867,10.495
1409,1867-06-01,1867,13.303
1410,1867-07-01,1867,14.223
1411,1867-08-01,1867,13.505999999999998
1412,1867-09-01,1867,11.763
1413,1867-10-01,1867,9.212
1414,1867-11-01,1867,6.939
1415,1867-12-01,1867,3.937
1416,1868-01-01,1868,1.834
1417,1868-02-01,1868,2.039
1418,1868-03-01,1868,4.538
1419,1868-04-01,1868,8.183
1420,1868-05-01,1868,11.308
1421,1868-06-01,1868,13.162
1422,1868-07-01,1868,14.514
1423,1868-08-01,1868,13.744000000000002
1424,1868-09-01,1868,11.669
1425,1868-10-01,1868,9.448
1426,1868-11-01,1868,5.192
1427,1868-12-01,1868,3.344
1428,1869-01-01,1869,2.115
1429,1869-02-01,1869,3.864
1430,1869-03-01,1869,4.3740000000000006
1431,1869-04-01,1869,7.9209999999999985
1432,1869-05-01,1869,11.295
1433,1869-06-01,1869,13.537
1434,1869-07-01,1869,14.337
1435,1869-08-01,1869,14.01
1436,1869-09-01,1869,12.247
1437,1869-10-01,1869,9.006
1438,1869-11-01,1869,5.773
1439,1869-12-01,1869,2.7060000000000004
1440,1870-01-01,1870,2.082
1441,1870-02-01,1870,2.1340000000000003
1442,1870-03-01,1870,4.656000000000001
1443,1870-04-01,1870,7.879
1444,1870-05-01,1870,11.339
1445,1870-06-01,1870,13.653
1446,1870-07-01,1870,14.599
1447,1870-08-01,1870,13.484000000000002
1448,1870-09-01,1870,11.952
1449,1870-10-01,1870,8.809999999999997
1450,1870-11-01,1870,5.6
1451,1870-12-01,1870,2.228
1452,1871-01-01,1871,1.4469999999999998
1453,1871-02-01,1871,1.736
1454,1871-03-01,1871,4.6850000000000005
1455,1871-04-01,1871,8.34
1456,1871-05-01,1871,10.787999999999998
1457,1871-06-01,1871,13.08
1458,1871-07-01,1871,14.29
1459,1871-08-01,1871,13.932
1460,1871-09-01,1871,11.711
1461,1871-10-01,1871,9.096
1462,1871-11-01,1871,5.113
1463,1871-12-01,1871,3.1630000000000003
1464,1872-01-01,1872,1.652
1465,1872-02-01,1872,2.35
1466,1872-03-01,1872,4.922
1467,1872-04-01,1872,7.845999999999999
1468,1872-05-01,1872,11.198
1469,1872-06-01,1872,13.055
1470,1872-07-01,1872,14.285
1471,1872-08-01,1872,13.821
1472,1872-09-01,1872,11.957999999999998
1473,1872-10-01,1872,9.24
1474,1872-11-01,1872,5.372000000000001
1475,1872-12-01,1872,2.627
1476,1873-01-01,1873,2.013
1477,1873-02-01,1873,3.195
1478,1873-03-01,1873,4.704
1479,1873-04-01,1873,7.462000000000001
1480,1873-05-01,1873,11.005999999999998
1481,1873-06-01,1873,13.405
1482,1873-07-01,1873,14.287
1483,1873-08-01,1873,13.755
1484,1873-09-01,1873,11.486999999999998
1485,1873-10-01,1873,9.234
1486,1873-11-01,1873,5.819
1487,1873-12-01,1873,3.846
1488,1874-01-01,1874,2.685
1489,1874-02-01,1874,3.069
1490,1874-03-01,1874,4.221
1491,1874-04-01,1874,8.231
1492,1874-05-01,1874,11.306
1493,1874-06-01,1874,13.306
1494,1874-07-01,1874,14.122
1495,1874-08-01,1874,13.815
1496,1874-09-01,1874,12.111
1497,1874-10-01,1874,9.12
1498,1874-11-01,1874,5.809
1499,1874-12-01,1874,3.407
1500,1875-01-01,1875,1.533
1501,1875-02-01,1875,2.259
1502,1875-03-01,1875,4.256
1503,1875-04-01,1875,7.635999999999999
1504,1875-05-01,1875,10.746
1505,1875-06-01,1875,13.157
1506,1875-07-01,1875,14.144
1507,1875-08-01,1875,13.401
1508,1875-09-01,1875,11.319
1509,1875-10-01,1875,8.584999999999999
1510,1875-11-01,1875,4.614
1511,1875-12-01,1875,2.665
1512,1876-01-01,1876,1.856
1513,1876-02-01,1876,2.617
1514,1876-03-01,1876,4.748
1515,1876-04-01,1876,8.199
1516,1876-05-01,1876,10.69
1517,1876-06-01,1876,13.130999999999998
1518,1876-07-01,1876,14.319
1519,1876-08-01,1876,13.481
1520,1876-09-01,1876,11.687
1521,1876-10-01,1876,8.946
1522,1876-11-01,1876,5.093
1523,1876-12-01,1876,2.194
1524,1877-01-01,1877,2.286
1525,1877-02-01,1877,2.928
1526,1877-03-01,1877,5.297000000000001
1527,1877-04-01,1877,8.039
1528,1877-05-01,1877,11.056
1529,1877-06-01,1877,13.384
1530,1877-07-01,1877,14.642
1531,1877-08-01,1877,14.151
1532,1877-09-01,1877,12.075
1533,1877-10-01,1877,9.273
1534,1877-11-01,1877,6.348
1535,1877-12-01,1877,2.9960000000000004
1536,1878-01-01,1878,2.0170000000000003
1537,1878-02-01,1878,3.728
1538,1878-03-01,1878,6.6080000000000005
1539,1878-04-01,1878,8.899
1540,1878-05-01,1878,11.017
1541,1878-06-01,1878,13.796
1542,1878-07-01,1878,14.742
1543,1878-08-01,1878,14.094
1544,1878-09-01,1878,12.093
1545,1878-10-01,1878,9.173
1546,1878-11-01,1878,6.446000000000001
1547,1878-12-01,1878,3.344
1548,1879-01-01,1879,2.303
1549,1879-02-01,1879,2.737
1550,1879-03-01,1879,4.924
1551,1879-04-01,1879,7.767999999999999
1552,1879-05-01,1879,10.803
1553,1879-06-01,1879,13.23
1554,1879-07-01,1879,14.238
1555,1879-08-01,1879,13.245
1556,1879-09-01,1879,11.449000000000002
1557,1879-10-01,1879,9.229
1558,1879-11-01,1879,5.526
1559,1879-12-01,1879,2.5380000000000003
1560,1880-01-01,1880,1.755
1561,1880-02-01,1880,2.052
1562,1880-03-01,1880,4.63
1563,1880-04-01,1880,7.558999999999998
1564,1880-05-01,1880,11.095999999999998
1565,1880-06-01,1880,13.327
1566,1880-07-01,1880,14.140999999999998
1567,1880-08-01,1880,13.807
1568,1880-09-01,1880,11.386
1569,1880-10-01,1880,8.673
1570,1880-11-01,1880,5.893
1571,1880-12-01,1880,3.1060000000000003
1572,1881-01-01,1881,2.4610000000000003
1573,1881-02-01,1881,2.6260000000000003
1574,1881-03-01,1881,5.01
1575,1881-04-01,1881,8.322999999999999
1576,1881-05-01,1881,11.165
1577,1881-06-01,1881,12.745
1578,1881-07-01,1881,14.203
1579,1881-08-01,1881,13.71
1580,1881-09-01,1881,11.689
1581,1881-10-01,1881,8.850999999999997
1582,1881-11-01,1881,5.272
1583,1881-12-01,1881,3.196
1584,1882-01-01,1882,2.99
1585,1882-02-01,1882,3.2310000000000003
1586,1882-03-01,1882,5.04
1587,1882-04-01,1882,7.690999999999999
1588,1882-05-01,1882,10.888
1589,1882-06-01,1882,12.805
1590,1882-07-01,1882,13.747
1591,1882-08-01,1882,13.703
1592,1882-09-01,1882,11.736
1593,1882-10-01,1882,8.445
1594,1882-11-01,1882,5.066
1595,1882-12-01,1882,2.205
1596,1883-01-01,1883,1.4600000000000002
1597,1883-02-01,1883,1.856
1598,1883-03-01,1883,4.928999999999999
1599,1883-04-01,1883,7.690999999999999
1600,1883-05-01,1883,10.832
1601,1883-06-01,1883,13.302
1602,1883-07-01,1883,14.011
1603,1883-08-01,1883,13.224
1604,1883-09-01,1883,11.343
1605,1883-10-01,1883,8.908999999999997
1606,1883-11-01,1883,4.905
1607,1883-12-01,1883,3.261
1608,1884-01-01,1884,2.12
1609,1884-02-01,1884,2.474
1610,1884-03-01,1884,3.892
1611,1884-04-01,1884,7.185999999999999
1612,1884-05-01,1884,10.198
1613,1884-06-01,1884,12.527
1614,1884-07-01,1884,13.622
1615,1884-08-01,1884,13.257
1616,1884-09-01,1884,11.235
1617,1884-10-01,1884,8.581
1618,1884-11-01,1884,5.164
1619,1884-12-01,1884,3.028
1620,1885-01-01,1885,1.003
1621,1885-02-01,1885,2.2430000000000003
1622,1885-03-01,1885,4.622
1623,1885-04-01,1885,7.3359999999999985
1624,1885-05-01,1885,10.567
1625,1885-06-01,1885,12.716
1626,1885-07-01,1885,13.972
1627,1885-08-01,1885,13.351
1628,1885-09-01,1885,11.435
1629,1885-10-01,1885,8.722000000000001
1630,1885-11-01,1885,5.425
1631,1885-12-01,1885,3.644
1632,1886-01-01,1886,1.436
1633,1886-02-01,1886,1.793
1634,1886-03-01,1886,4.2620000000000005
1635,1886-04-01,1886,7.909
1636,1886-05-01,1886,10.784
1637,1886-06-01,1886,12.789
1638,1886-07-01,1886,14.226
1639,1886-08-01,1886,13.323
1640,1886-09-01,1886,11.6
1641,1886-10-01,1886,8.604
1642,1886-11-01,1886,5.226
1643,1886-12-01,1886,3.502
1644,1887-01-01,1887,0.8240000000000001
1645,1887-02-01,1887,2.0540000000000003
1646,1887-03-01,1887,4.552
1647,1887-04-01,1887,7.789
1648,1887-05-01,1887,10.84
1649,1887-06-01,1887,12.89
1650,1887-07-01,1887,14.021
1651,1887-08-01,1887,13.097
1652,1887-09-01,1887,11.707
1653,1887-10-01,1887,8.738
1654,1887-11-01,1887,5.5920000000000005
1655,1887-12-01,1887,2.875
1656,1888-01-01,1888,1.7080000000000002
1657,1888-02-01,1888,2.039
1658,1888-03-01,1888,4.3
1659,1888-04-01,1888,7.845
1660,1888-05-01,1888,10.62
1661,1888-06-01,1888,12.921
1662,1888-07-01,1888,14.242
1663,1888-08-01,1888,13.511
1664,1888-09-01,1888,11.685
1665,1888-10-01,1888,9.201
1666,1888-11-01,1888,5.792000000000001
1667,1888-12-01,1888,3.222
1668,1889-01-01,1889,1.7619999999999998
1669,1889-02-01,1889,3.409
1670,1889-03-01,1889,5.299
1671,1889-04-01,1889,8.588999999999999
1672,1889-05-01,1889,11.242
1673,1889-06-01,1889,13.288
1674,1889-07-01,1889,14.225
1675,1889-08-01,1889,13.504
1676,1889-09-01,1889,11.547
1677,1889-10-01,1889,8.865
1678,1889-11-01,1889,4.9990000000000006
1679,1889-12-01,1889,3.099
1680,1890-01-01,1890,1.836
1681,1890-02-01,1890,2.516
1682,1890-03-01,1890,4.21
1683,1890-04-01,1890,7.738999999999999
1684,1890-05-01,1890,10.464
1685,1890-06-01,1890,12.872
1686,1890-07-01,1890,14.034
1687,1890-08-01,1890,13.265999999999998
1688,1890-09-01,1890,11.546
1689,1890-10-01,1890,9.178
1690,1890-11-01,1890,5.03
1691,1890-12-01,1890,2.969
1692,1891-01-01,1891,1.6780000000000002
1693,1891-02-01,1891,1.88
1694,1891-03-01,1891,4.755
1695,1891-04-01,1891,7.6179999999999986
1696,1891-05-01,1891,10.785
1697,1891-06-01,1891,12.888
1698,1891-07-01,1891,13.93
1699,1891-08-01,1891,13.496
1700,1891-09-01,1891,11.763
1701,1891-10-01,1891,8.722000000000001
1702,1891-11-01,1891,5.115
1703,1891-12-01,1891,3.602
1704,1892-01-01,1892,2.018
1705,1892-02-01,1892,2.805
1706,1892-03-01,1892,4.362
1707,1892-04-01,1892,7.5619999999999985
1708,1892-05-01,1892,10.622
1709,1892-06-01,1892,13.263
1710,1892-07-01,1892,13.89
1711,1892-08-01,1892,13.42
1712,1892-09-01,1892,11.764
1713,1892-10-01,1892,9.29
1714,1892-11-01,1892,4.859
1715,1892-12-01,1892,2.935
1716,1893-01-01,1893,0.5
1717,1893-02-01,1893,1.654
1718,1893-03-01,1893,4.979
1719,1893-04-01,1893,7.994
1720,1893-05-01,1893,10.747
1721,1893-06-01,1893,13.050999999999998
1722,1893-07-01,1893,14.318
1723,1893-08-01,1893,13.454
1724,1893-09-01,1893,11.767
1725,1893-10-01,1893,9.16
1726,1893-11-01,1893,5.902
1727,1893-12-01,1893,3.155
1728,1894-01-01,1894,1.6909999999999998
1729,1894-02-01,1894,2.923
1730,1894-03-01,1894,5.118
1731,1894-04-01,1894,7.6629999999999985
1732,1894-05-01,1894,10.944
1733,1894-06-01,1894,12.858
1734,1894-07-01,1894,14.004
1735,1894-08-01,1894,13.488
1736,1894-09-01,1894,11.579999999999998
1737,1894-10-01,1894,9.125
1738,1894-11-01,1894,5.405
1739,1894-12-01,1894,3.133
1740,1895-01-01,1895,1.2950000000000002
1741,1895-02-01,1895,2.0
1742,1895-03-01,1895,4.689
1743,1895-04-01,1895,8.247
1744,1895-05-01,1895,10.867
1745,1895-06-01,1895,13.058
1746,1895-07-01,1895,14.053
1747,1895-08-01,1895,13.489
1748,1895-09-01,1895,11.743
1749,1895-10-01,1895,9.117
1750,1895-11-01,1895,5.744
1751,1895-12-01,1895,3.462
1752,1896-01-01,1896,2.291
1753,1896-02-01,1896,2.707
1754,1896-03-01,1896,4.279
1755,1896-04-01,1896,7.329999999999999
1756,1896-05-01,1896,10.893
1757,1896-06-01,1896,13.303999999999998
1758,1896-07-01,1896,14.233
1759,1896-08-01,1896,13.624
1760,1896-09-01,1896,11.824000000000002
1761,1896-10-01,1896,9.416
1762,1896-11-01,1896,5.3660000000000005
1763,1896-12-01,1896,3.312
1764,1897-01-01,1897,1.893
1765,1897-02-01,1897,2.4290000000000003
1766,1897-03-01,1897,4.345
1767,1897-04-01,1897,8.277999999999999
1768,1897-05-01,1897,11.377
1769,1897-06-01,1897,13.319
1770,1897-07-01,1897,14.31
1771,1897-08-01,1897,13.668
1772,1897-09-01,1897,11.925
1773,1897-10-01,1897,9.197
1774,1897-11-01,1897,5.6080000000000005
1775,1897-12-01,1897,3.1710000000000003
1776,1898-01-01,1898,2.737
1777,1898-02-01,1898,2.354
1778,1898-03-01,1898,3.751
1779,1898-04-01,1898,7.906999999999999
1780,1898-05-01,1898,10.835
1781,1898-06-01,1898,13.395
1782,1898-07-01,1898,14.138
1783,1898-08-01,1898,13.579
1784,1898-09-01,1898,11.752999999999998
1785,1898-10-01,1898,8.828
1786,1898-11-01,1898,5.452000000000001
1787,1898-12-01,1898,3.407
1788,1899-01-01,1899,2.515
1789,1899-02-01,1899,2.38
1790,1899-03-01,1899,4.618
1791,1899-04-01,1899,8.280999999999999
1792,1899-05-01,1899,11.023
1793,1899-06-01,1899,12.856
1794,1899-07-01,1899,14.159
1795,1899-08-01,1899,13.777
1796,1899-09-01,1899,12.127999999999998
1797,1899-10-01,1899,9.409
1798,1899-11-01,1899,6.605
1799,1899-12-01,1899,3.005
1800,1900-01-01,1900,1.461
1801,1900-02-01,1900,3.0980000000000003
1802,1900-03-01,1900,5.492000000000001
1803,1900-04-01,1900,8.222999999999999
1804,1900-05-01,1900,11.385
1805,1900-06-01,1900,13.293
1806,1900-07-01,1900,14.171
1807,1900-08-01,1900,13.816
1808,1900-09-01,1900,11.955
1809,1900-10-01,1900,9.666
1810,1900-11-01,1900,5.803999999999999
1811,1900-12-01,1900,3.655
1812,1901-01-01,1901,2.1910000000000003
1813,1901-02-01,1901,3.092
1814,1901-03-01,1901,5.671
1815,1901-04-01,1901,8.522
1816,1901-05-01,1901,11.178
1817,1901-06-01,1901,13.423
1818,1901-07-01,1901,14.339
1819,1901-08-01,1901,13.789
1820,1901-09-01,1901,11.984000000000002
1821,1901-10-01,1901,9.003
1822,1901-11-01,1901,5.976
1823,1901-12-01,1901,3.335
1824,1902-01-01,1902,2.684
1825,1902-02-01,1902,3.606
1826,1902-03-01,1902,4.883
1827,1902-04-01,1902,7.955999999999999
1828,1902-05-01,1902,10.893
1829,1902-06-01,1902,13.214
1830,1902-07-01,1902,14.231
1831,1902-08-01,1902,13.599
1832,1902-09-01,1902,11.799
1833,1902-10-01,1902,8.801
1834,1902-11-01,1902,5.274
1835,1902-12-01,1902,2.713
1836,1903-01-01,1903,2.514
1837,1903-02-01,1903,3.555
1838,1903-03-01,1903,4.93
1839,1903-04-01,1903,7.831999999999999
1840,1903-05-01,1903,10.794
1841,1903-06-01,1903,12.886
1842,1903-07-01,1903,13.992
1843,1903-08-01,1903,13.412
1844,1903-09-01,1903,11.501
1845,1903-10-01,1903,8.812000000000001
1846,1903-11-01,1903,5.516
1847,1903-12-01,1903,2.898
1848,1904-01-01,1904,1.6369999999999998
1849,1904-02-01,1904,2.297
1850,1904-03-01,1904,4.506
1851,1904-04-01,1904,7.683999999999998
1852,1904-05-01,1904,10.84
1853,1904-06-01,1904,13.014
1854,1904-07-01,1904,13.836
1855,1904-08-01,1904,13.459
1856,1904-09-01,1904,11.380999999999998
1857,1904-10-01,1904,8.833
1858,1904-11-01,1904,6.23
1859,1904-12-01,1904,3.374
1860,1905-01-01,1905,2.254
1861,1905-02-01,1905,1.927
1862,1905-03-01,1905,4.635
1863,1905-04-01,1905,7.754999999999999
1864,1905-05-01,1905,10.982
1865,1905-06-01,1905,13.112
1866,1905-07-01,1905,14.077
1867,1905-08-01,1905,13.578
1868,1905-09-01,1905,11.803999999999998
1869,1905-10-01,1905,9.041
1870,1905-11-01,1905,6.183
1871,1905-12-01,1905,3.354
1872,1906-01-01,1906,2.068
1873,1906-02-01,1906,2.301
1874,1906-03-01,1906,4.8660000000000005
1875,1906-04-01,1906,8.626
1876,1906-05-01,1906,11.239999999999998
1877,1906-06-01,1906,13.334
1878,1906-07-01,1906,14.122
1879,1906-08-01,1906,13.691
1880,1906-09-01,1906,11.771999999999998
1881,1906-10-01,1906,9.267
1882,1906-11-01,1906,5.501
1883,1906-12-01,1906,3.761
1884,1907-01-01,1907,1.798
1885,1907-02-01,1907,2.117
1886,1907-03-01,1907,4.575
1887,1907-04-01,1907,7.579
1888,1907-05-01,1907,10.375
1889,1907-06-01,1907,12.729
1890,1907-07-01,1907,13.769
1891,1907-08-01,1907,13.362
1892,1907-09-01,1907,11.665
1893,1907-10-01,1907,9.234
1894,1907-11-01,1907,5.207000000000001
1895,1907-12-01,1907,2.9560000000000004
1896,1908-01-01,1908,2.3040000000000003
1897,1908-02-01,1908,2.769
1898,1908-03-01,1908,4.136
1899,1908-04-01,1908,7.831999999999999
1900,1908-05-01,1908,11.140999999999998
1901,1908-06-01,1908,13.293
1902,1908-07-01,1908,14.197
1903,1908-08-01,1908,13.376
1904,1908-09-01,1908,11.977
1905,1908-10-01,1908,8.865
1906,1908-11-01,1908,5.272
1907,1908-12-01,1908,3.071
1908,1909-01-01,1909,1.395
1909,1909-02-01,1909,2.7060000000000004
1910,1909-03-01,1909,4.589
1911,1909-04-01,1909,7.534
1912,1909-05-01,1909,10.611
1913,1909-06-01,1909,12.962
1914,1909-07-01,1909,14.06
1915,1909-08-01,1909,13.752
1916,1909-09-01,1909,11.879
1917,1909-10-01,1909,9.192
1918,1909-11-01,1909,6.236000000000001
1919,1909-12-01,1909,3.2230000000000003
1920,1910-01-01,1910,2.333
1921,1910-02-01,1910,2.779
1922,1910-03-01,1910,4.606
1923,1910-04-01,1910,8.104999999999999
1924,1910-05-01,1910,11.005
1925,1910-06-01,1910,13.151
1926,1910-07-01,1910,14.279000000000002
1927,1910-08-01,1910,13.677
1928,1910-09-01,1910,11.733
1929,1910-10-01,1910,9.006
1930,1910-11-01,1910,5.318
1931,1910-12-01,1910,2.684
1932,1911-01-01,1911,1.66
1933,1911-02-01,1911,2.4530000000000003
1934,1911-03-01,1911,4.347
1935,1911-04-01,1911,7.989999999999998
1936,1911-05-01,1911,10.829
1937,1911-06-01,1911,13.009
1938,1911-07-01,1911,14.082
1939,1911-08-01,1911,13.499
1940,1911-09-01,1911,11.638
1941,1911-10-01,1911,9.263
1942,1911-11-01,1911,5.964
1943,1911-12-01,1911,3.39
1944,1912-01-01,1912,2.402
1945,1912-02-01,1912,3.354
1946,1912-03-01,1912,4.356
1947,1912-04-01,1912,8.229
1948,1912-05-01,1912,11.254
1949,1912-06-01,1912,13.435
1950,1912-07-01,1912,13.723
1951,1912-08-01,1912,13.053
1952,1912-09-01,1912,11.222
1953,1912-10-01,1912,8.366999999999999
1954,1912-11-01,1912,5.521
1955,1912-12-01,1912,3.069
1956,1913-01-01,1913,2.083
1957,1913-02-01,1913,2.376
1958,1913-03-01,1913,4.517
1959,1913-04-01,1913,8.023
1960,1913-05-01,1913,10.745
1961,1913-06-01,1913,13.005
1962,1913-07-01,1913,14.137
1963,1913-08-01,1913,13.724
1964,1913-09-01,1913,11.759
1965,1913-10-01,1913,9.077
1966,1913-11-01,1913,6.024
1967,1913-12-01,1913,4.103
1968,1914-01-01,1914,3.3760000000000003
1969,1914-02-01,1914,3.2
1970,1914-03-01,1914,4.942
1971,1914-04-01,1914,8.097999999999999
1972,1914-05-01,1914,11.284999999999998
1973,1914-06-01,1914,13.496
1974,1914-07-01,1914,14.298
1975,1914-08-01,1914,13.73
1976,1914-09-01,1914,11.915
1977,1914-10-01,1914,9.387
1978,1914-11-01,1914,5.759
1979,1914-12-01,1914,3.6
1980,1915-01-01,1915,2.299
1981,1915-02-01,1915,3.265
1982,1915-03-01,1915,5.143
1983,1915-04-01,1915,8.705
1984,1915-05-01,1915,11.493
1985,1915-06-01,1915,13.3
1986,1915-07-01,1915,14.443
1987,1915-08-01,1915,13.77
1988,1915-09-01,1915,11.867
1989,1915-10-01,1915,8.984
1990,1915-11-01,1915,6.216
1991,1915-12-01,1915,3.633
1992,1916-01-01,1916,2.616
1993,1916-02-01,1916,2.957
1994,1916-03-01,1916,4.846
1995,1916-04-01,1916,8.046999999999999
1996,1916-05-01,1916,10.972
1997,1916-06-01,1916,12.942
1998,1916-07-01,1916,14.052
1999,1916-08-01,1916,13.58
2000,1916-09-01,1916,11.726
2001,1916-10-01,1916,9.053
2002,1916-11-01,1916,5.596
2003,1916-12-01,1916,2.316
2004,1917-01-01,1917,2.133
2005,1917-02-01,1917,2.36
2006,1917-03-01,1917,4.488
2007,1917-04-01,1917,7.854999999999999
2008,1917-05-01,1917,10.443
2009,1917-06-01,1917,12.915
2010,1917-07-01,1917,14.259
2011,1917-08-01,1917,13.470999999999998
2012,1917-09-01,1917,11.745
2013,1917-10-01,1917,8.544
2014,1917-11-01,1917,5.82
2015,1917-12-01,1917,2.247
2016,1918-01-01,1918,1.934
2017,1918-02-01,1918,2.455
2018,1918-03-01,1918,4.811
2019,1918-04-01,1918,7.643999999999999
2020,1918-05-01,1918,10.54
2021,1918-06-01,1918,12.908
2022,1918-07-01,1918,14.002
2023,1918-08-01,1918,13.431
2024,1918-09-01,1918,11.880999999999998
2025,1918-10-01,1918,9.433
2026,1918-11-01,1918,5.683
2027,1918-12-01,1918,2.8480000000000003
2028,1919-01-01,1919,2.184
2029,1919-02-01,1919,2.852
2030,1919-03-01,1919,4.743
2031,1919-04-01,1919,8.487
2032,1919-05-01,1919,10.969
2033,1919-06-01,1919,13.228
2034,1919-07-01,1919,14.274
2035,1919-08-01,1919,13.786
2036,1919-09-01,1919,11.989999999999998
2037,1919-10-01,1919,9.361
2038,1919-11-01,1919,5.489
2039,1919-12-01,1919,3.224
2040,1920-01-01,1920,2.841
2041,1920-02-01,1920,2.755
2042,1920-03-01,1920,5.227
2043,1920-04-01,1920,8.293
2044,1920-05-01,1920,11.130999999999998
2045,1920-06-01,1920,13.105
2046,1920-07-01,1920,14.245
2047,1920-08-01,1920,13.698
2048,1920-09-01,1920,11.794
2049,1920-10-01,1920,9.021
2050,1920-11-01,1920,5.566
2051,1920-12-01,1920,2.629
2052,1921-01-01,1921,2.98
2053,1921-02-01,1921,3.125
2054,1921-03-01,1921,5.081
2055,1921-04-01,1921,8.324
2056,1921-05-01,1921,11.245
2057,1921-06-01,1921,13.44
2058,1921-07-01,1921,14.436
2059,1921-08-01,1921,13.561
2060,1921-09-01,1921,11.869000000000002
2061,1921-10-01,1921,9.264
2062,1921-11-01,1921,5.864
2063,1921-12-01,1921,3.663
2064,1922-01-01,1922,2.15
2065,1922-02-01,1922,2.376
2066,1922-03-01,1922,5.156000000000001
2067,1922-04-01,1922,8.379999999999999
2068,1922-05-01,1922,11.097
2069,1922-06-01,1922,13.331
2070,1922-07-01,1922,14.278
2071,1922-08-01,1922,13.584
2072,1922-09-01,1922,11.775
2073,1922-10-01,1922,9.056
2074,1922-11-01,1922,6.046
2075,1922-12-01,1922,3.667
2076,1923-01-01,1923,2.487
2077,1923-02-01,1923,2.563
2078,1923-03-01,1923,4.8660000000000005
2079,1923-04-01,1923,7.749
2080,1923-05-01,1923,10.848999999999998
2081,1923-06-01,1923,13.296
2082,1923-07-01,1923,13.984000000000002
2083,1923-08-01,1923,13.611
2084,1923-09-01,1923,11.883
2085,1923-10-01,1923,9.52
2086,1923-11-01,1923,6.377999999999999
2087,1923-12-01,1923,3.88
2088,1924-01-01,1924,2.339
2089,1924-02-01,1924,2.888
2090,1924-03-01,1924,5.352
2091,1924-04-01,1924,7.97
2092,1924-05-01,1924,11.188
2093,1924-06-01,1924,13.342
2094,1924-07-01,1924,14.304
2095,1924-08-01,1924,13.654000000000002
2096,1924-09-01,1924,11.957
2097,1924-10-01,1924,9.203
2098,1924-11-01,1924,6.4
2099,1924-12-01,1924,3.485
2100,1925-01-01,1925,2.268
2101,1925-02-01,1925,2.701
2102,1925-03-01,1925,5.126
2103,1925-04-01,1925,8.442
2104,1925-05-01,1925,11.039
2105,1925-06-01,1925,13.089
2106,1925-07-01,1925,14.066
2107,1925-08-01,1925,13.769
2108,1925-09-01,1925,11.979
2109,1925-10-01,1925,9.196
2110,1925-11-01,1925,6.34
2111,1925-12-01,1925,4.398
2112,1926-01-01,1926,3.4530000000000003
2113,1926-02-01,1926,3.717
2114,1926-03-01,1926,5.831
2115,1926-04-01,1926,8.193
2116,1926-05-01,1926,10.931
2117,1926-06-01,1926,13.285
2118,1926-07-01,1926,14.168
2119,1926-08-01,1926,13.877
2120,1926-09-01,1926,12.075
2121,1926-10-01,1926,9.55
2122,1926-11-01,1926,6.3
2123,1926-12-01,1926,3.366
2124,1927-01-01,1927,2.372
2125,1927-02-01,1927,3.039
2126,1927-03-01,1927,4.668
2127,1927-04-01,1927,8.035
2128,1927-05-01,1927,11.104
2129,1927-06-01,1927,13.271999999999998
2130,1927-07-01,1927,14.323
2131,1927-08-01,1927,13.698
2132,1927-09-01,1927,12.254
2133,1927-10-01,1927,9.887
2134,1927-11-01,1927,6.346
2135,1927-12-01,1927,3.267
2136,1928-01-01,1928,3.0460000000000003
2137,1928-02-01,1928,3.333
2138,1928-03-01,1928,4.959
2139,1928-04-01,1928,8.244
2140,1928-05-01,1928,11.169
2141,1928-06-01,1928,13.113
2142,1928-07-01,1928,14.31
2143,1928-08-01,1928,13.687
2144,1928-09-01,1928,12.03
2145,1928-10-01,1928,9.486
2146,1928-11-01,1928,6.336
2147,1928-12-01,1928,3.873
2148,1929-01-01,1929,2.0540000000000003
2149,1929-02-01,1929,2.172
2150,1929-03-01,1929,5.099
2151,1929-04-01,1929,8.094
2152,1929-05-01,1929,10.915
2153,1929-06-01,1929,12.928
2154,1929-07-01,1929,13.957
2155,1929-08-01,1929,13.68
2156,1929-09-01,1929,11.807
2157,1929-10-01,1929,9.46
2158,1929-11-01,1929,6.172000000000001
2159,1929-12-01,1929,2.571
2160,1930-01-01,1930,2.401
2161,1930-02-01,1930,3.152
2162,1930-03-01,1930,5.483
2163,1930-04-01,1930,8.181999999999999
2164,1930-05-01,1930,11.105
2165,1930-06-01,1930,13.347
2166,1930-07-01,1930,14.465
2167,1930-08-01,1930,13.928
2168,1930-09-01,1930,11.874
2169,1930-10-01,1930,9.261
2170,1930-11-01,1930,6.574
2171,1930-12-01,1930,3.831
2172,1931-01-01,1931,2.761
2173,1931-02-01,1931,2.708
2174,1931-03-01,1931,5.22
2175,1931-04-01,1931,8.163
2176,1931-05-01,1931,11.02
2177,1931-06-01,1931,13.573
2178,1931-07-01,1931,14.576
2179,1931-08-01,1931,14.12
2180,1931-09-01,1931,12.283
2181,1931-10-01,1931,9.937
2182,1931-11-01,1931,6.242999999999999
2183,1931-12-01,1931,4.027
2184,1932-01-01,1932,3.604
2185,1932-02-01,1932,2.989
2186,1932-03-01,1932,4.94
2187,1932-04-01,1932,8.769
2188,1932-05-01,1932,11.239
2189,1932-06-01,1932,13.383
2190,1932-07-01,1932,14.372
2191,1932-08-01,1932,13.74
2192,1932-09-01,1932,12.31
2193,1932-10-01,1932,9.682
2194,1932-11-01,1932,5.908
2195,1932-12-01,1932,3.527
2196,1933-01-01,1933,2.169
2197,1933-02-01,1933,2.657
2198,1933-03-01,1933,4.869
2199,1933-04-01,1933,8.125
2200,1933-05-01,1933,11.047
2201,1933-06-01,1933,13.11
2202,1933-07-01,1933,14.236
2203,1933-08-01,1933,13.76
2204,1933-09-01,1933,11.854
2205,1933-10-01,1933,9.238
2206,1933-11-01,1933,5.89
2207,1933-12-01,1933,3.104
2208,1934-01-01,1934,2.476
2209,1934-02-01,1934,3.699
2210,1934-03-01,1934,4.8180000000000005
2211,1934-04-01,1934,8.016
2212,1934-05-01,1934,11.478
2213,1934-06-01,1934,13.402
2214,1934-07-01,1934,14.343
2215,1934-08-01,1934,13.778
2216,1934-09-01,1934,11.727
2217,1934-10-01,1934,9.421
2218,1934-11-01,1934,6.397
2219,1934-12-01,1934,3.985
2220,1935-01-01,1935,2.1750000000000003
2221,1935-02-01,1935,4.125
2222,1935-03-01,1935,5.399
2223,1935-04-01,1935,7.770999999999999
2224,1935-05-01,1935,10.906
2225,1935-06-01,1935,13.326
2226,1935-07-01,1935,14.331
2227,1935-08-01,1935,13.775
2228,1935-09-01,1935,11.999
2229,1935-10-01,1935,9.516
2230,1935-11-01,1935,5.443
2231,1935-12-01,1935,3.423
2232,1936-01-01,1936,2.249
2233,1936-02-01,1936,2.506
2234,1936-03-01,1936,5.031000000000001
2235,1936-04-01,1936,8.126999999999999
2236,1936-05-01,1936,11.251
2237,1936-06-01,1936,13.363
2238,1936-07-01,1936,14.629
2239,1936-08-01,1936,13.86
2240,1936-09-01,1936,12.021
2241,1936-10-01,1936,9.457
2242,1936-11-01,1936,6.2330000000000005
2243,1936-12-01,1936,3.921
2244,1937-01-01,1937,2.4530000000000003
2245,1937-02-01,1937,3.553
2246,1937-03-01,1937,4.851
2247,1937-04-01,1937,8.139999999999999
2248,1937-05-01,1937,11.422
2249,1937-06-01,1937,13.603
2250,1937-07-01,1937,14.375
2251,1937-08-01,1937,14.007
2252,1937-09-01,1937,12.412999999999998
2253,1937-10-01,1937,9.729
2254,1937-11-01,1937,6.356
2255,1937-12-01,1937,3.478
2256,1938-01-01,1938,2.91
2257,1938-02-01,1938,3.417
2258,1938-03-01,1938,5.651
2259,1938-04-01,1938,8.913
2260,1938-05-01,1938,11.456
2261,1938-06-01,1938,13.321
2262,1938-07-01,1938,14.482
2263,1938-08-01,1938,13.963
2264,1938-09-01,1938,12.427
2265,1938-10-01,1938,9.784
2266,1938-11-01,1938,6.53
2267,1938-12-01,1938,3.51
2268,1939-01-01,1939,2.932
2269,1939-02-01,1939,3.232
2270,1939-03-01,1939,4.926
2271,1939-04-01,1939,8.328
2272,1939-05-01,1939,11.524
2273,1939-06-01,1939,13.531
2274,1939-07-01,1939,14.395
2275,1939-08-01,1939,13.932
2276,1939-09-01,1939,11.957999999999998
2277,1939-10-01,1939,9.218
2278,1939-11-01,1939,6.189
2279,1939-12-01,1939,4.959
2280,1940-01-01,1940,2.335
2281,1940-02-01,1940,3.423
2282,1940-03-01,1940,5.424
2283,1940-04-01,1940,8.756
2284,1940-05-01,1940,11.338
2285,1940-06-01,1940,13.583
2286,1940-07-01,1940,14.571
2287,1940-08-01,1940,13.811
2288,1940-09-01,1940,12.268
2289,1940-10-01,1940,9.457
2290,1940-11-01,1940,6.0760000000000005
2291,1940-12-01,1940,4.134
2292,1941-01-01,1941,2.7350000000000003
2293,1941-02-01,1941,3.67
2294,1941-03-01,1941,5.212999999999999
2295,1941-04-01,1941,8.575
2296,1941-05-01,1941,11.493
2297,1941-06-01,1941,13.63
2298,1941-07-01,1941,14.694
2299,1941-08-01,1941,14.028
2300,1941-09-01,1941,11.816
2301,1941-10-01,1941,9.71
2302,1941-11-01,1941,5.952999999999999
2303,1941-12-01,1941,3.707
2304,1942-01-01,1942,3.103
2305,1942-02-01,1942,2.857
2306,1942-03-01,1942,5.308
2307,1942-04-01,1942,8.415999999999999
2308,1942-05-01,1942,11.338
2309,1942-06-01,1942,13.578
2310,1942-07-01,1942,14.242
2311,1942-08-01,1942,13.786
2312,1942-09-01,1942,12.146
2313,1942-10-01,1942,9.627
2314,1942-11-01,1942,6.3950000000000005
2315,1942-12-01,1942,3.945
2316,1943-01-01,1943,2.396
2317,1943-02-01,1943,3.513
2318,1943-03-01,1943,5.138
2319,1943-04-01,1943,8.638
2320,1943-05-01,1943,11.485
2321,1943-06-01,1943,13.161
2322,1943-07-01,1943,14.46
2323,1943-08-01,1943,13.774
2324,1943-09-01,1943,12.095999999999998
2325,1943-10-01,1943,9.907
2326,1943-11-01,1943,6.26
2327,1943-12-01,1943,4.2330000000000005
2328,1944-01-01,1944,3.504
2329,1944-02-01,1944,3.591
2330,1944-03-01,1944,5.531000000000001
2331,1944-04-01,1944,8.434
2332,1944-05-01,1944,11.334
2333,1944-06-01,1944,13.478
2334,1944-07-01,1944,14.468
2335,1944-08-01,1944,14.017
2336,1944-09-01,1944,12.45
2337,1944-10-01,1944,9.808
2338,1944-11-01,1944,6.091
2339,1944-12-01,1944,3.434
2340,1945-01-01,1945,2.525
2341,1945-02-01,1945,2.6460000000000004
2342,1945-03-01,1945,5.184
2343,1945-04-01,1945,8.681000000000001
2344,1945-05-01,1945,11.097
2345,1945-06-01,1945,13.328
2346,1945-07-01,1945,14.213
2347,1945-08-01,1945,14.313
2348,1945-09-01,1945,12.225
2349,1945-10-01,1945,9.575
2350,1945-11-01,1945,6.073
2351,1945-12-01,1945,3.158
2352,1946-01-01,1946,2.979
2353,1946-02-01,1946,3.4610000000000003
2354,1946-03-01,1946,5.236000000000001
2355,1946-04-01,1946,8.837
2356,1946-05-01,1946,11.355
2357,1946-06-01,1946,13.298
2358,1946-07-01,1946,14.409
2359,1946-08-01,1946,13.834
2360,1946-09-01,1946,12.064
2361,1946-10-01,1946,9.281
2362,1946-11-01,1946,6.235
2363,1946-12-01,1946,3.134
2364,1947-01-01,1947,2.597
2365,1947-02-01,1947,3.277
2366,1947-03-01,1947,5.801
2367,1947-04-01,1947,8.686
2368,1947-05-01,1947,11.329
2369,1947-06-01,1947,13.459
2370,1947-07-01,1947,14.349
2371,1947-08-01,1947,13.827
2372,1947-09-01,1947,12.166
2373,1947-10-01,1947,10.011
2374,1947-11-01,1947,6.407
2375,1947-12-01,1947,3.656
2376,1948-01-01,1948,3.366
2377,1948-02-01,1948,3.22
2378,1948-03-01,1948,4.9190000000000005
2379,1948-04-01,1948,8.498999999999999
2380,1948-05-01,1948,11.537
2381,1948-06-01,1948,13.664
2382,1948-07-01,1948,14.445
2383,1948-08-01,1948,13.896
2384,1948-09-01,1948,12.155
2385,1948-10-01,1948,9.584
2386,1948-11-01,1948,6.1850000000000005
2387,1948-12-01,1948,3.491
2388,1949-01-01,1949,3.2190000000000003
2389,1949-02-01,1949,2.759
2390,1949-03-01,1949,5.077
2391,1949-04-01,1949,8.344
2392,1949-05-01,1949,11.309
2393,1949-06-01,1949,13.223
2394,1949-07-01,1949,14.199000000000002
2395,1949-08-01,1949,13.826
2396,1949-09-01,1949,11.957
2397,1949-10-01,1949,9.531
2398,1949-11-01,1949,6.148
2399,1949-12-01,1949,3.449
2400,1950-01-01,1950,2.008
2401,1950-02-01,1950,2.721
2402,1950-03-01,1950,5.247000000000001
2403,1950-04-01,1950,8.123
2404,1950-05-01,1950,11.297
2405,1950-06-01,1950,13.382
2406,1950-07-01,1950,14.14
2407,1950-08-01,1950,13.46
2408,1950-09-01,1950,11.952
2409,1950-10-01,1950,9.153
2410,1950-11-01,1950,5.372000000000001
2411,1950-12-01,1950,3.528
2412,1951-01-01,1951,2.138
2413,1951-02-01,1951,2.332
2414,1951-03-01,1951,5.091
2415,1951-04-01,1951,8.366999999999999
2416,1951-05-01,1951,11.438
2417,1951-06-01,1951,13.25
2418,1951-07-01,1951,14.324000000000002
2419,1951-08-01,1951,14.021
2420,1951-09-01,1951,12.324000000000002
2421,1951-10-01,1951,9.67
2422,1951-11-01,1951,6.2250000000000005
2423,1951-12-01,1951,4.327999999999999
2424,1952-01-01,1952,3.049
2425,1952-02-01,1952,3.3960000000000004
2426,1952-03-01,1952,4.9670000000000005
2427,1952-04-01,1952,8.461
2428,1952-05-01,1952,11.352
2429,1952-06-01,1952,13.442
2430,1952-07-01,1952,14.549
2431,1952-08-01,1952,13.964
2432,1952-09-01,1952,12.238
2433,1952-10-01,1952,9.157
2434,1952-11-01,1952,5.425
2435,1952-12-01,1952,3.659
2436,1953-01-01,1953,2.964
2437,1953-02-01,1953,3.629
2438,1953-03-01,1953,5.712000000000001
2439,1953-04-01,1953,8.892000000000001
2440,1953-05-01,1953,11.514
2441,1953-06-01,1953,13.612
2442,1953-07-01,1953,14.392
2443,1953-08-01,1953,14.059
2444,1953-09-01,1953,12.199000000000002
2445,1953-10-01,1953,9.59
2446,1953-11-01,1953,5.924
2447,1953-12-01,1953,3.998
2448,1954-01-01,1954,2.059
2449,1954-02-01,1954,3.084
2450,1954-03-01,1954,5.148
2451,1954-04-01,1954,8.158
2452,1954-05-01,1954,10.988
2453,1954-06-01,1954,13.4
2454,1954-07-01,1954,14.241
2455,1954-08-01,1954,13.868
2456,1954-09-01,1954,12.098
2457,1954-10-01,1954,9.546
2458,1954-11-01,1954,6.579
2459,1954-12-01,1954,3.559
2460,1955-01-01,1955,3.412
2461,1955-02-01,1955,3.137
2462,1955-03-01,1955,4.585
2463,1955-04-01,1955,8.136000000000001
2464,1955-05-01,1955,11.191999999999998
2465,1955-06-01,1955,13.56
2466,1955-07-01,1955,14.242
2467,1955-08-01,1955,14.283
2468,1955-09-01,1955,11.954
2469,1955-10-01,1955,9.735
2470,1955-11-01,1955,5.973
2471,1955-12-01,1955,3.306
2472,1956-01-01,1956,2.466
2473,1956-02-01,1956,2.781
2474,1956-03-01,1956,4.888999999999999
2475,1956-04-01,1956,7.922000000000001
2476,1956-05-01,1956,10.720999999999998
2477,1956-06-01,1956,13.16
2478,1956-07-01,1956,14.18
2479,1956-08-01,1956,13.189
2480,1956-09-01,1956,11.783
2481,1956-10-01,1956,8.927999999999997
2482,1956-11-01,1956,5.738
2483,1956-12-01,1956,3.5980000000000003
2484,1957-01-01,1957,2.488
2485,1957-02-01,1957,3.12
2486,1957-03-01,1957,5.0360000000000005
2487,1957-04-01,1957,8.366
2488,1957-05-01,1957,11.259
2489,1957-06-01,1957,13.783
2490,1957-07-01,1957,14.129
2491,1957-08-01,1957,14.082
2492,1957-09-01,1957,12.312
2493,1957-10-01,1957,9.496
2494,1957-11-01,1957,6.391
2495,1957-12-01,1957,4.327999999999999
2496,1958-01-01,1958,3.5740000000000003
2497,1958-02-01,1958,3.695
2498,1958-03-01,1958,5.452999999999999
2499,1958-04-01,1958,8.52
2500,1958-05-01,1958,11.518999999999998
2501,1958-06-01,1958,13.187
2502,1958-07-01,1958,14.438
2503,1958-08-01,1958,13.597
2504,1958-09-01,1958,11.845
2505,1958-10-01,1958,9.375
2506,1958-11-01,1958,6.26
2507,1958-12-01,1958,3.822
2508,1959-01-01,1959,2.959
2509,1959-02-01,1959,3.33
2510,1959-03-01,1959,5.854
2511,1959-04-01,1959,8.818999999999997
2512,1959-05-01,1959,11.323
2513,1959-06-01,1959,13.577
2514,1959-07-01,1959,14.449000000000002
2515,1959-08-01,1959,13.853
2516,1959-09-01,1959,11.946
2517,1959-10-01,1959,9.16
2518,1959-11-01,1959,5.752000000000001
2519,1959-12-01,1959,3.77
2520,1960-01-01,1960,2.713
2521,1960-02-01,1960,3.798
2522,1960-03-01,1960,4.303
2523,1960-04-01,1960,8.133
2524,1960-05-01,1960,10.872
2525,1960-06-01,1960,13.484000000000002
2526,1960-07-01,1960,14.198
2527,1960-08-01,1960,13.825
2528,1960-09-01,1960,12.095
2529,1960-10-01,1960,9.497
2530,1960-11-01,1960,5.827999999999999
2531,1960-12-01,1960,4.259
2532,1961-01-01,1961,2.926
2533,1961-02-01,1961,3.683
2534,1961-03-01,1961,5.589
2535,1961-04-01,1961,8.631
2536,1961-05-01,1961,11.624
2537,1961-06-01,1961,13.702
2538,1961-07-01,1961,14.288
2539,1961-08-01,1961,13.849
2540,1961-09-01,1961,12.247
2541,1961-10-01,1961,9.328
2542,1961-11-01,1961,6.205
2543,1961-12-01,1961,3.5
2544,1962-01-01,1962,3.003
2545,1962-02-01,1962,3.696
2546,1962-03-01,1962,5.53
2547,1962-04-01,1962,8.54
2548,1962-05-01,1962,11.128
2549,1962-06-01,1962,13.427
2550,1962-07-01,1962,14.205
2551,1962-08-01,1962,13.713
2552,1962-09-01,1962,12.018
2553,1962-10-01,1962,9.468
2554,1962-11-01,1962,6.283
2555,1962-12-01,1962,3.94
2556,1963-01-01,1963,2.901
2557,1963-02-01,1963,4.02
2558,1963-03-01,1963,5.097
2559,1963-04-01,1963,8.173
2560,1963-05-01,1963,11.045
2561,1963-06-01,1963,13.412
2562,1963-07-01,1963,14.505999999999998
2563,1963-08-01,1963,14.309
2564,1963-09-01,1963,12.555
2565,1963-10-01,1963,9.943
2566,1963-11-01,1963,6.561
2567,1963-12-01,1963,3.75
2568,1964-01-01,1964,2.881
2569,1964-02-01,1964,3.028
2570,1964-03-01,1964,4.865
2571,1964-04-01,1964,7.922000000000001
2572,1964-05-01,1964,10.905
2573,1964-06-01,1964,13.459
2574,1964-07-01,1964,14.300999999999998
2575,1964-08-01,1964,13.678
2576,1964-09-01,1964,11.604
2577,1964-10-01,1964,8.831999999999997
2578,1964-11-01,1964,5.9830000000000005
2579,1964-12-01,1964,3.458
2580,1965-01-01,1965,2.862
2581,1965-02-01,1965,3.036
2582,1965-03-01,1965,5.182
2583,1965-04-01,1965,7.989999999999998
2584,1965-05-01,1965,11.222
2585,1965-06-01,1965,13.308
2586,1965-07-01,1965,14.078
2587,1965-08-01,1965,13.807
2588,1965-09-01,1965,11.73
2589,1965-10-01,1965,9.488
2590,1965-11-01,1965,5.86
2591,1965-12-01,1965,3.766
2592,1966-01-01,1966,2.49
2593,1966-02-01,1966,3.29
2594,1966-03-01,1966,5.527
2595,1966-04-01,1966,8.161
2596,1966-05-01,1966,11.2
2597,1966-06-01,1966,13.587
2598,1966-07-01,1966,14.569
2599,1966-08-01,1966,13.731
2600,1966-09-01,1966,12.133
2601,1966-10-01,1966,9.153
2602,1966-11-01,1966,5.968999999999999
2603,1966-12-01,1966,3.382
2604,1967-01-01,1967,2.71
2605,1967-02-01,1967,2.905
2606,1967-03-01,1967,5.396
2607,1967-04-01,1967,8.458
2608,1967-05-01,1967,11.632
2609,1967-06-01,1967,13.194
2610,1967-07-01,1967,14.331
2611,1967-08-01,1967,13.821
2612,1967-09-01,1967,12.053999999999998
2613,1967-10-01,1967,9.809
2614,1967-11-01,1967,6.176
2615,1967-12-01,1967,3.915
2616,1968-01-01,1968,2.353
2617,1968-02-01,1968,3.245
2618,1968-03-01,1968,6.117000000000001
2619,1968-04-01,1968,8.455
2620,1968-05-01,1968,11.068
2621,1968-06-01,1968,13.204
2622,1968-07-01,1968,14.026
2623,1968-08-01,1968,13.524
2624,1968-09-01,1968,11.62
2625,1968-10-01,1968,9.453
2626,1968-11-01,1968,5.891
2627,1968-12-01,1968,3.24
2628,1969-01-01,1969,1.966
2629,1969-02-01,1969,2.45
2630,1969-03-01,1969,5.131
2631,1969-04-01,1969,8.575999999999999
2632,1969-05-01,1969,11.354
2633,1969-06-01,1969,13.475
2634,1969-07-01,1969,14.218
2635,1969-08-01,1969,13.804
2636,1969-09-01,1969,12.048
2637,1969-10-01,1969,9.489
2638,1969-11-01,1969,6.42
2639,1969-12-01,1969,4.21
2640,1970-01-01,1970,2.8360000000000003
2641,1970-02-01,1970,3.735
2642,1970-03-01,1970,5.272
2643,1970-04-01,1970,8.603
2644,1970-05-01,1970,11.206
2645,1970-06-01,1970,13.513
2646,1970-07-01,1970,14.395
2647,1970-08-01,1970,13.658
2648,1970-09-01,1970,12.277
2649,1970-10-01,1970,9.348
2650,1970-11-01,1970,6.047000000000001
2651,1970-12-01,1970,3.5210000000000004
2652,1971-01-01,1971,2.967
2653,1971-02-01,1971,2.867
2654,1971-03-01,1971,5.001
2655,1971-04-01,1971,8.338999999999999
2656,1971-05-01,1971,11.211
2657,1971-06-01,1971,13.099
2658,1971-07-01,1971,14.139
2659,1971-08-01,1971,13.879
2660,1971-09-01,1971,12.139
2661,1971-10-01,1971,9.388
2662,1971-11-01,1971,6.295
2663,1971-12-01,1971,3.867
2664,1972-01-01,1972,1.882
2665,1972-02-01,1972,2.609
2666,1972-03-01,1972,5.287000000000001
2667,1972-04-01,1972,8.337
2668,1972-05-01,1972,11.155
2669,1972-06-01,1972,13.501
2670,1972-07-01,1972,14.231
2671,1972-08-01,1972,14.171
2672,1972-09-01,1972,11.901
2673,1972-10-01,1972,9.346
2674,1972-11-01,1972,5.7970000000000015
2675,1972-12-01,1972,3.778
2676,1973-01-01,1973,3.0380000000000003
2677,1973-02-01,1973,3.898
2678,1973-03-01,1973,5.82
2679,1973-04-01,1973,8.937999999999997
2680,1973-05-01,1973,11.768999999999998
2681,1973-06-01,1973,13.824000000000002
2682,1973-07-01,1973,14.435
2683,1973-08-01,1973,13.869000000000002
2684,1973-09-01,1973,12.125
2685,1973-10-01,1973,9.609
2686,1973-11-01,1973,6.222
2687,1973-12-01,1973,3.832
2688,1974-01-01,1974,2.261
2689,1974-02-01,1974,2.582
2690,1974-03-01,1974,5.19
2691,1974-04-01,1974,8.386000000000001
2692,1974-05-01,1974,11.198
2693,1974-06-01,1974,13.382
2694,1974-07-01,1974,14.288
2695,1974-08-01,1974,14.015999999999998
2696,1974-09-01,1974,11.744000000000002
2697,1974-10-01,1974,9.098
2698,1974-11-01,1974,5.915
2699,1974-12-01,1974,3.55
2700,1975-01-01,1975,3.059
2701,1975-02-01,1975,3.395
2702,1975-03-01,1975,5.706
2703,1975-04-01,1975,8.584
2704,1975-05-01,1975,11.742
2705,1975-06-01,1975,13.557
2706,1975-07-01,1975,14.351
2707,1975-08-01,1975,13.514
2708,1975-09-01,1975,12.152
2709,1975-10-01,1975,9.318
2710,1975-11-01,1975,5.893
2711,1975-12-01,1975,3.667
2712,1976-01-01,1976,2.884
2713,1976-02-01,1976,3.031
2714,1976-03-01,1976,4.517
2715,1976-04-01,1976,8.293999999999999
2716,1976-05-01,1976,10.941999999999998
2717,1976-06-01,1976,13.086
2718,1976-07-01,1976,14.155
2719,1976-08-01,1976,13.511
2720,1976-09-01,1976,11.895
2721,1976-10-01,1976,8.511000000000001
2722,1976-11-01,1976,5.66
2723,1976-12-01,1976,3.681
2724,1977-01-01,1977,2.492
2725,1977-02-01,1977,3.471
2726,1977-03-01,1977,5.702000000000001
2727,1977-04-01,1977,8.85
2728,1977-05-01,1977,11.78
2729,1977-06-01,1977,13.876
2730,1977-07-01,1977,14.630999999999998
2731,1977-08-01,1977,14.09
2732,1977-09-01,1977,11.861999999999998
2733,1977-10-01,1977,9.156
2734,1977-11-01,1977,6.5440000000000005
2735,1977-12-01,1977,3.749
2736,1978-01-01,1978,2.705
2737,1978-02-01,1978,3.4560000000000004
2738,1978-03-01,1978,5.607
2739,1978-04-01,1978,8.790999999999999
2740,1978-05-01,1978,11.414
2741,1978-06-01,1978,13.22
2742,1978-07-01,1978,14.364
2743,1978-08-01,1978,13.297
2744,1978-09-01,1978,12.03
2745,1978-10-01,1978,9.339
2746,1978-11-01,1978,6.3500000000000005
2747,1978-12-01,1978,3.74
2748,1979-01-01,1979,2.6790000000000003
2749,1979-02-01,1979,2.841
2750,1979-03-01,1979,5.474
2751,1979-04-01,1979,8.455
2752,1979-05-01,1979,11.199000000000002
2753,1979-06-01,1979,13.487
2754,1979-07-01,1979,14.114
2755,1979-08-01,1979,13.833
2756,1979-09-01,1979,12.247
2757,1979-10-01,1979,9.586
2758,1979-11-01,1979,6.2860000000000005
2759,1979-12-01,1979,4.6
2760,1980-01-01,1980,2.9560000000000004
2761,1980-02-01,1980,3.652
2762,1980-03-01,1980,5.367000000000001
2763,1980-04-01,1980,8.934999999999997
2764,1980-05-01,1980,11.77
2765,1980-06-01,1980,13.582
2766,1980-07-01,1980,14.742
2767,1980-08-01,1980,14.189
2768,1980-09-01,1980,12.321
2769,1980-10-01,1980,9.55
2770,1980-11-01,1980,6.684
2771,1980-12-01,1980,4.016
2772,1981-01-01,1981,3.785
2773,1981-02-01,1981,4.021
2774,1981-03-01,1981,6.239
2775,1981-04-01,1981,8.953
2776,1981-05-01,1981,11.565
2777,1981-06-01,1981,13.765
2778,1981-07-01,1981,14.738
2779,1981-08-01,1981,14.502
2780,1981-09-01,1981,12.236
2781,1981-10-01,1981,9.394
2782,1981-11-01,1981,6.273
2783,1981-12-01,1981,4.519
2784,1982-01-01,1982,2.5580000000000003
2785,1982-02-01,1982,3.281
2786,1982-03-01,1982,4.873
2787,1982-04-01,1982,8.465
2788,1982-05-01,1982,11.348
2789,1982-06-01,1982,13.245
2790,1982-07-01,1982,14.545
2791,1982-08-01,1982,13.796
2792,1982-09-01,1982,12.039
2793,1982-10-01,1982,9.232
2794,1982-11-01,1982,5.961
2795,1982-12-01,1982,4.327
2796,1983-01-01,1983,3.4450000000000003
2797,1983-02-01,1983,3.814
2798,1983-03-01,1983,5.699
2799,1983-04-01,1983,8.693
2800,1983-05-01,1983,11.729
2801,1983-06-01,1983,13.478
2802,1983-07-01,1983,14.408
2803,1983-08-01,1983,14.302
2804,1983-09-01,1983,12.698
2805,1983-10-01,1983,9.478
2806,1983-11-01,1983,6.7650000000000015
2807,1983-12-01,1983,3.829
2808,1984-01-01,1984,2.9410000000000003
2809,1984-02-01,1984,3.093
2810,1984-03-01,1984,5.671
2811,1984-04-01,1984,8.431999999999999
2812,1984-05-01,1984,11.976
2813,1984-06-01,1984,13.387
2814,1984-07-01,1984,14.429
2815,1984-08-01,1984,13.984000000000002
2816,1984-09-01,1984,12.015
2817,1984-10-01,1984,9.378
2818,1984-11-01,1984,5.811
2819,1984-12-01,1984,3.185
2820,1985-01-01,1985,3.01
2821,1985-02-01,1985,2.704
2822,1985-03-01,1985,5.4510000000000005
2823,1985-04-01,1985,8.633
2824,1985-05-01,1985,11.425999999999998
2825,1985-06-01,1985,13.569
2826,1985-07-01,1985,13.973
2827,1985-08-01,1985,14.059
2828,1985-09-01,1985,11.98
2829,1985-10-01,1985,9.338
2830,1985-11-01,1985,5.968
2831,1985-12-01,1985,3.785
2832,1986-01-01,1986,3.315
2833,1986-02-01,1986,3.991
2834,1986-03-01,1986,5.755
2835,1986-04-01,1986,8.870999999999997
2836,1986-05-01,1986,11.581
2837,1986-06-01,1986,13.439
2838,1986-07-01,1986,14.293
2839,1986-08-01,1986,13.972
2840,1986-09-01,1986,11.816999999999998
2841,1986-10-01,1986,9.299
2842,1986-11-01,1986,5.9190000000000005
2843,1986-12-01,1986,3.751
2844,1987-01-01,1987,3.139
2845,1987-02-01,1987,4.134
2846,1987-03-01,1987,5.245
2847,1987-04-01,1987,8.594999999999999
2848,1987-05-01,1987,11.525
2849,1987-06-01,1987,13.927
2850,1987-07-01,1987,14.89
2851,1987-08-01,1987,13.896
2852,1987-09-01,1987,12.447
2853,1987-10-01,1987,9.59
2854,1987-11-01,1987,6.056
2855,1987-12-01,1987,4.489
2856,1988-01-01,1988,3.454
2857,1988-02-01,1988,3.422
2858,1988-03-01,1988,5.931
2859,1988-04-01,1988,8.991999999999997
2860,1988-05-01,1988,11.852
2861,1988-06-01,1988,14.099
2862,1988-07-01,1988,14.798
2863,1988-08-01,1988,14.553
2864,1988-09-01,1988,12.681
2865,1988-10-01,1988,9.979
2866,1988-11-01,1988,6.295
2867,1988-12-01,1988,4.363
2868,1989-01-01,1989,2.71
2869,1989-02-01,1989,3.627
2870,1989-03-01,1989,5.792000000000001
2871,1989-04-01,1989,8.689
2872,1989-05-01,1989,11.28
2873,1989-06-01,1989,13.447
2874,1989-07-01,1989,14.612
2875,1989-08-01,1989,14.135
2876,1989-09-01,1989,12.403
2877,1989-10-01,1989,9.76
2878,1989-11-01,1989,6.178999999999999
2879,1989-12-01,1989,4.43
2880,1990-01-01,1990,3.2430000000000003
2881,1990-02-01,1990,3.643
2882,1990-03-01,1990,6.73
2883,1990-04-01,1990,9.169
2884,1990-05-01,1990,11.831
2885,1990-06-01,1990,13.893
2886,1990-07-01,1990,14.784
2887,1990-08-01,1990,14.095
2888,1990-09-01,1990,12.195
2889,1990-10-01,1990,9.882
2890,1990-11-01,1990,6.92
2891,1990-12-01,1990,4.425
2892,1991-01-01,1991,3.1950000000000003
2893,1991-02-01,1991,4.0440000000000005
2894,1991-03-01,1991,5.574
2895,1991-04-01,1991,9.226
2896,1991-05-01,1991,11.616
2897,1991-06-01,1991,14.263
2898,1991-07-01,1991,14.987
2899,1991-08-01,1991,14.319
2900,1991-09-01,1991,12.677
2901,1991-10-01,1991,9.753
2902,1991-11-01,1991,6.44
2903,1991-12-01,1991,4.059
2904,1992-01-01,1992,3.579
2905,1992-02-01,1992,3.931
2906,1992-03-01,1992,5.952000000000001
2907,1992-04-01,1992,8.572000000000001
2908,1992-05-01,1992,11.534999999999998
2909,1992-06-01,1992,13.576
2910,1992-07-01,1992,14.139
2911,1992-08-01,1992,13.765999999999998
2912,1992-09-01,1992,11.672
2913,1992-10-01,1992,9.353
2914,1992-11-01,1992,5.888999999999999
2915,1992-12-01,1992,4.075
2916,1993-01-01,1993,3.301
2917,1993-02-01,1993,3.745
2918,1993-03-01,1993,5.922999999999999
2919,1993-04-01,1993,8.69
2920,1993-05-01,1993,11.475
2921,1993-06-01,1993,13.518
2922,1993-07-01,1993,14.595
2923,1993-08-01,1993,13.835
2924,1993-09-01,1993,11.93
2925,1993-10-01,1993,9.614
2926,1993-11-01,1993,5.738
2927,1993-12-01,1993,4.035
2928,1994-01-01,1994,3.024
2929,1994-02-01,1994,2.81
2930,1994-03-01,1994,5.731
2931,1994-04-01,1994,9.018
2932,1994-05-01,1994,11.684
2933,1994-06-01,1994,14.144
2934,1994-07-01,1994,14.658
2935,1994-08-01,1994,13.977
2936,1994-09-01,1994,12.515999999999998
2937,1994-10-01,1994,10.002
2938,1994-11-01,1994,6.787999999999999
2939,1994-12-01,1994,4.113
2940,1995-01-01,1995,3.54
2941,1995-02-01,1995,4.656000000000001
2942,1995-03-01,1995,5.956
2943,1995-04-01,1995,8.972000000000001
2944,1995-05-01,1995,11.57
2945,1995-06-01,1995,14.164
2946,1995-07-01,1995,15.116
2947,1995-08-01,1995,14.636
2948,1995-09-01,1995,12.565
2949,1995-10-01,1995,10.106
2950,1995-11-01,1995,6.761
2951,1995-12-01,1995,4.123
2952,1996-01-01,1996,2.862
2953,1996-02-01,1996,4.0120000000000005
2954,1996-03-01,1996,5.524
2955,1996-04-01,1996,8.679
2956,1996-05-01,1996,11.588
2957,1996-06-01,1996,13.681
2958,1996-07-01,1996,14.827
2959,1996-08-01,1996,14.603
2960,1996-09-01,1996,12.294
2961,1996-10-01,1996,9.525
2962,1996-11-01,1996,6.5470000000000015
2963,1996-12-01,1996,4.325
2964,1997-01-01,1997,3.165
2965,1997-02-01,1997,3.766
2966,1997-03-01,1997,6.0120000000000005
2967,1997-04-01,1997,8.891
2968,1997-05-01,1997,11.593
2969,1997-06-01,1997,14.130999999999998
2970,1997-07-01,1997,14.565
2971,1997-08-01,1997,14.255999999999998
2972,1997-09-01,1997,12.685
2973,1997-10-01,1997,10.109
2974,1997-11-01,1997,6.841
2975,1997-12-01,1997,4.417
2976,1998-01-01,1998,3.3520000000000003
2977,1998-02-01,1998,4.8260000000000005
2978,1998-03-01,1998,6.023
2979,1998-04-01,1998,9.358
2980,1998-05-01,1998,12.291
2981,1998-06-01,1998,14.521
2982,1998-07-01,1998,15.34
2983,1998-08-01,1998,14.874
2984,1998-09-01,1998,12.672999999999998
2985,1998-10-01,1998,9.941
2986,1998-11-01,1998,6.404
2987,1998-12-01,1998,4.6690000000000005
2988,1999-01-01,1999,3.544
2989,1999-02-01,1999,4.694
2990,1999-03-01,1999,5.53
2991,1999-04-01,1999,8.838
2992,1999-05-01,1999,11.706
2993,1999-06-01,1999,14.031
2994,1999-07-01,1999,14.853
2995,1999-08-01,1999,14.348
2996,1999-09-01,1999,12.723
2997,1999-10-01,1999,9.997
2998,1999-11-01,1999,6.5920000000000005
2999,1999-12-01,1999,4.565
3000,2000-01-01,2000,2.95
3001,2000-02-01,2000,4.184
3002,2000-03-01,2000,6.218999999999999
3003,2000-04-01,2000,9.552
3004,2000-05-01,2000,11.874
3005,2000-06-01,2000,14.06
3006,2000-07-01,2000,14.848
3007,2000-08-01,2000,14.519
3008,2000-09-01,2000,12.547
3009,2000-10-01,2000,9.486
3010,2000-11-01,2000,6.312
3011,2000-12-01,2000,3.863
3012,2001-01-01,2001,3.3360000000000003
3013,2001-02-01,2001,3.72
3014,2001-03-01,2001,6.207999999999999
3015,2001-04-01,2001,9.245
3016,2001-05-01,2001,12.271
3017,2001-06-01,2001,14.11
3018,2001-07-01,2001,15.161
3019,2001-08-01,2001,14.427
3020,2001-09-01,2001,12.736
3021,2001-10-01,2001,9.935
3022,2001-11-01,2001,7.319
3023,2001-12-01,2001,4.507
3024,2002-01-01,2002,4.026
3025,2002-02-01,2002,4.704
3026,2002-03-01,2002,6.772
3027,2002-04-01,2002,9.229
3028,2002-05-01,2002,12.248
3029,2002-06-01,2002,14.084
3030,2002-07-01,2002,15.354
3031,2002-08-01,2002,14.56
3032,2002-09-01,2002,12.95
3033,2002-10-01,2002,9.988
3034,2002-11-01,2002,6.892
3035,2002-12-01,2002,4.038
3036,2003-01-01,2003,3.981
3037,2003-02-01,2003,4.085
3038,2003-03-01,2003,6.047999999999999
3039,2003-04-01,2003,9.154
3040,2003-05-01,2003,12.153
3041,2003-06-01,2003,14.017
3042,2003-07-01,2003,14.983
3043,2003-08-01,2003,14.691
3044,2003-09-01,2003,12.911
3045,2003-10-01,2003,10.424
3046,2003-11-01,2003,6.727
3047,2003-12-01,2003,5.132999999999999
3048,2004-01-01,2004,3.5250000000000004
3049,2004-02-01,2004,4.4990000000000006
3050,2004-03-01,2004,6.321000000000001
3051,2004-04-01,2004,9.249
3052,2004-05-01,2004,11.571
3053,2004-06-01,2004,13.889
3054,2004-07-01,2004,14.312
3055,2004-08-01,2004,14.188
3056,2004-09-01,2004,12.642
3057,2004-10-01,2004,10.127
3058,2004-11-01,2004,7.315
3059,2004-12-01,2004,4.257
3060,2005-01-01,2005,3.808
3061,2005-02-01,2005,3.92
3062,2005-03-01,2005,6.5440000000000005
3063,2005-04-01,2005,9.618
3064,2005-05-01,2005,12.226
3065,2005-06-01,2005,14.476
3066,2005-07-01,2005,15.19
3067,2005-08-01,2005,14.51
3068,2005-09-01,2005,13.217
3069,2005-10-01,2005,10.601
3070,2005-11-01,2005,7.422999999999999
3071,2005-12-01,2005,4.878
3072,2006-01-01,2006,3.286
3073,2006-02-01,2006,4.43
3074,2006-03-01,2006,6.3290000000000015
3075,2006-04-01,2006,9.055
3076,2006-05-01,2006,11.786
3077,2006-06-01,2006,14.443
3078,2006-07-01,2006,15.042
3079,2006-08-01,2006,14.913
3080,2006-09-01,2006,12.875
3081,2006-10-01,2006,10.289
3082,2006-11-01,2006,6.955
3083,2006-12-01,2006,4.987
3084,2007-01-01,2007,4.5790000000000015
3085,2007-02-01,2007,4.221
3086,2007-03-01,2007,6.485
3087,2007-04-01,2007,9.823
3088,2007-05-01,2007,12.518
3089,2007-06-01,2007,14.309
3090,2007-07-01,2007,15.23
3091,2007-08-01,2007,14.752
3092,2007-09-01,2007,12.93
3093,2007-10-01,2007,10.332
3094,2007-11-01,2007,7.0840000000000005
3095,2007-12-01,2007,4.523
3096,2008-01-01,2008,2.8440000000000003
3097,2008-02-01,2008,3.576
3098,2008-03-01,2008,6.906000000000001
3099,2008-04-01,2008,9.295
3100,2008-05-01,2008,12.053999999999998
3101,2008-06-01,2008,14.145
3102,2008-07-01,2008,15.174
3103,2008-08-01,2008,14.377
3104,2008-09-01,2008,12.802
3105,2008-10-01,2008,10.399
3106,2008-11-01,2008,7.224
3107,2008-12-01,2008,4.385
3108,2009-01-01,2009,3.687
3109,2009-02-01,2009,4.093999999999999
3110,2009-03-01,2009,6.086
3111,2009-04-01,2009,9.367
3112,2009-05-01,2009,12.111999999999998
3113,2009-06-01,2009,14.201
3114,2009-07-01,2009,15.231
3115,2009-08-01,2009,14.655
3116,2009-09-01,2009,13.153
3117,2009-10-01,2009,10.136
3118,2009-11-01,2009,7.031000000000001
3119,2009-12-01,2009,4.31
3120,2010-01-01,2010,3.737
3121,2010-02-01,2010,4.399
3122,2010-03-01,2010,6.738
3123,2010-04-01,2010,9.671
3124,2010-05-01,2010,12.406
3125,2010-06-01,2010,14.421
3126,2010-07-01,2010,15.213
3127,2010-08-01,2010,14.768
3128,2010-09-01,2010,12.863
3129,2010-10-01,2010,10.442
3130,2010-11-01,2010,7.487
3131,2010-12-01,2010,4.292
3132,2011-01-01,2011,3.282
3133,2011-02-01,2011,3.743
3134,2011-03-01,2011,6.101
3135,2011-04-01,2011,9.483
3136,2011-05-01,2011,11.986
3137,2011-06-01,2011,14.37
3138,2011-07-01,2011,15.482
3139,2011-08-01,2011,15.012
3140,2011-09-01,2011,12.912
3141,2011-10-01,2011,10.352
3142,2011-11-01,2011,6.814
3143,2011-12-01,2011,4.654999999999999
3144,2012-01-01,2012,3.157
3145,2012-02-01,2012,3.628
3146,2012-03-01,2012,6.023
3147,2012-04-01,2012,9.675999999999998
3148,2012-05-01,2012,12.59
3149,2012-06-01,2012,14.492
3150,2012-07-01,2012,15.076
3151,2012-08-01,2012,14.72
3152,2012-09-01,2012,13.04
3153,2012-10-01,2012,10.428
3154,2012-11-01,2012,7.1560000000000015
3155,2012-12-01,2012,4.102
3156,2013-01-01,2013,3.685
3157,2013-02-01,2013,4.222
3158,2013-03-01,2013,6.261
3159,2013-04-01,2013,9.044
3160,2013-05-01,2013,12.195
3161,2013-06-01,2013,14.568
3162,2013-07-01,2013,15.003
3163,2013-08-01,2013,14.742
3164,2013-09-01,2013,13.154000000000002
3165,2013-10-01,2013,10.255999999999998
3166,2013-11-01,2013,7.423999999999999
3167,2013-12-01,2013,4.724
3168,2014-01-01,2014,3.732
3169,2014-02-01,2014,3.5
3170,2014-03-01,2014,6.377999999999999
3171,2014-04-01,2014,9.589
3172,2014-05-01,2014,12.582
3173,2014-06-01,2014,14.335
3174,2014-07-01,2014,14.873
3175,2014-08-01,2014,14.875
3176,2014-09-01,2014,13.091
3177,2014-10-01,2014,10.33
3178,2014-11-01,2014,6.712999999999999
3179,2014-12-01,2014,4.85
3180,2015-01-01,2015,3.881
3181,2015-02-01,2015,4.664
3182,2015-03-01,2015,6.74
3183,2015-04-01,2015,9.313
3184,2015-05-01,2015,12.312
3185,2015-06-01,2015,14.505
3186,2015-07-01,2015,15.050999999999998
3187,2015-08-01,2015,14.755
3188,2015-09-01,2015,12.999
3189,2015-10-01,2015,10.800999999999998
3190,2015-11-01,2015,7.433
3191,2015-12-01,2015,5.518
